# JPL Horizons (DE441) heliocentric geometric positions, mean ecliptic and equinox J2000.
# Fetched by src/fetch_reference.py; every 7305 d from JD 625673.5 (3000 BC) to 2817152.5 (AD 3000).
body,jd_tdb,lon_deg,lat_deg,r_au
mercury,625673.5,306.0404344,-6.9308259,0.417830386
mercury,632978.5,318.9020148,-7.2646906,0.399621656
mercury,640283.5,333.0514199,-7.2137225,0.379777537
mercury,647588.5,348.7796625,-6.6477594,0.359364210
mercury,654893.5,6.2947621,-5.4353712,0.339918506
mercury,662198.5,25.6838063,-3.5063456,0.323423224
mercury,669503.5,46.7186978,-0.9628551,0.312117432
mercury,676808.5,68.8064276,1.8428412,0.307908374
mercury,684113.5,90.9972994,4.3798358,0.311569792
mercury,691418.5,112.2869238,6.1966040,0.322428227
mercury,698723.5,131.9616473,7.1244384,0.338638272
mercury,706028.5,149.6971390,7.2525365,0.357941150
mercury,713333.5,165.5541847,6.7863359,0.378351846
mercury,720638.5,179.7565588,5.9292796,0.398281523
mercury,727943.5,192.6115333,4.8370309,0.416635077
mercury,735248.5,204.3990811,3.6172621,0.432650457
mercury,742553.5,215.3900275,2.3381597,0.445863242
mercury,749858.5,225.7976255,1.0446614,0.455923554
mercury,757163.5,235.8215033,-0.2351182,0.462666480
mercury,764468.5,245.6307270,-1.4800279,0.465973515
mercury,771773.5,255.3865151,-2.6736088,0.465778849
mercury,779078.5,265.2394536,-3.7976052,0.462111462
mercury,786383.5,275.3533768,-4.8311685,0.455008187
mercury,793688.5,285.8934759,-5.7449902,0.444589086
mercury,800993.5,297.0498270,-6.4981526,0.431068021
mercury,808298.5,309.0402545,-7.0323518,0.414769097
mercury,815603.5,322.1059543,-7.2660253,0.396199543
mercury,822908.5,336.5176235,-7.0907006,0.376150853
mercury,830213.5,352.5413525,-6.3759466,0.355782715
mercury,837518.5,10.3918121,-4.9997296,0.336675344
mercury,844823.5,30.0859836,-2.9226598,0.320944195
mercury,852128.5,51.3767465,-0.2924294,0.310773249
mercury,859433.5,73.5588878,2.4849871,0.307939365
mercury,866738.5,95.6758107,4.8778218,0.312984432
mercury,874043.5,116.7280225,6.4830371,0.324958974
mercury,881348.5,136.0769837,7.1974293,0.341890637
mercury,888653.5,153.4632651,7.1503925,0.361536390
mercury,895958.5,169.0023841,6.5575282,0.381977666
mercury,903263.5,182.9380763,5.6159366,0.401699636
mercury,910568.5,195.5729180,4.4717949,0.419689827
mercury,917873.5,207.1986251,3.2227819,0.435250126
mercury,925178.5,218.0642490,1.9317050,0.447916141
mercury,932483.5,228.3887798,0.6379353,0.457407293
mercury,939788.5,238.3592819,-0.6317974,0.463549791
mercury,947093.5,248.1506771,-1.8593988,0.466231442
mercury,954398.5,257.9088990,-3.0268736,0.465425471
mercury,961703.5,267.8024745,-4.1178550,0.461137784
mercury,969008.5,277.9776423,-5.1085502,0.453434381
mercury,976313.5,288.6172537,-5.9693413,0.442439562
mercury,983618.5,299.9037887,-6.6554741,0.428400391
mercury,990923.5,312.0706953,-7.1061377,0.411636305
mercury,998228.5,325.3484465,-7.2352747,0.392737629
mercury,1005533.5,340.0285147,-6.9310610,0.372525919
mercury,1012838.5,356.3570434,-6.0654220,0.352228000
mercury,1020143.5,14.5309597,-4.5288789,0.333558987
mercury,1027448.5,34.5419443,-2.3138354,0.318634204
mercury,1034753.5,56.0493589,0.3773658,0.309659636
mercury,1042058.5,78.3122689,3.1001419,0.308221435
mercury,1049363.5,100.3134271,5.3267486,0.314613979
mercury,1056668.5,121.1195241,6.7149059,0.327638201
mercury,1063973.5,140.1193415,7.2208253,0.345213172
mercury,1071278.5,157.1724747,7.0095128,0.365162090
mercury,1078583.5,172.3951808,6.3008423,0.385562852
mercury,1085888.5,186.0738904,5.2837746,0.405062986
mercury,1093193.5,198.5022378,4.0948664,0.422671720
mercury,1100498.5,209.9718653,2.8223844,0.437751962
mercury,1107803.5,220.7207938,1.5236369,0.449873956
mercury,1115108.5,230.9680092,0.2336489,0.458790612
mercury,1122413.5,240.8943861,-1.0234005,0.464320602
mercury,1129718.5,250.6665820,-2.2299188,0.466383546
mercury,1137023.5,260.4410884,-3.3693239,0.464962296
mercury,1144328.5,270.3727829,-4.4236635,0.460051453
mercury,1151633.5,280.6205900,-5.3691106,0.451749175
mercury,1158938.5,291.3607280,-6.1728815,0.440195955
mercury,1166243.5,302.7917351,-6.7889005,0.425621758
mercury,1173548.5,315.1316650,-7.1514515,0.408435510
mercury,1180853.5,328.6432168,-7.1714676,0.389216154
mercury,1188158.5,343.5892033,-6.7348532,0.368877640
mercury,1195463.5,0.2348010,-5.7161512,0.348715500
mercury,1202768.5,18.7333820,-4.0232549,0.330547860
mercury,1210073.5,39.0532650,-1.6842558,0.316505225
mercury,1217378.5,60.7560516,1.0429796,0.308785151
mercury,1224683.5,83.0670383,3.6831812,0.308770944
mercury,1231988.5,104.9291380,5.7257534,0.316462304
mercury,1239293.5,125.4503590,6.8918614,0.330472537
mercury,1246598.5,144.1091768,7.1973329,0.348641841
mercury,1253903.5,160.8177159,6.8325958,0.368798890
mercury,1261208.5,175.7383145,6.0185434,0.389139323
mercury,1268513.5,189.1639111,4.9354001,0.408372188
mercury,1275818.5,201.4005819,3.7080069,0.425578795
mercury,1283123.5,212.7154557,2.4181422,0.440157569
mercury,1290428.5,223.3611190,1.1154586,0.451739282
mercury,1297733.5,233.5346106,-0.1668861,0.460059885
mercury,1305038.5,243.4227986,-1.4083103,0.464979942
mercury,1312343.5,253.1823207,-2.5907565,0.466433433
mercury,1319648.5,262.9786948,-3.6995322,0.464379157
mercury,1326953.5,272.9515745,-4.7142322,0.458864277
mercury,1334258.5,283.2794362,-5.6113540,0.449967264
mercury,1341563.5,294.1264633,-6.3550385,0.437852053
mercury,1348868.5,305.7033417,-6.8969146,0.422773297
mercury,1356173.5,318.2300168,-7.1674473,0.405172545
mercury,1363478.5,331.9756559,-7.0741528,0.385665901
mercury,1370783.5,347.1989123,-6.5019746,0.365233763
mercury,1378088.5,4.1591842,-5.3299917,0.345283483
mercury,1385393.5,22.9938516,-3.4861618,0.327651720
mercury,1392698.5,43.5911657,-1.0422701,0.314585757
mercury,1400003.5,65.4887981,1.6976222,0.308156741
mercury,1407308.5,87.8009036,4.2268143,0.309552770
mercury,1414613.5,109.5029564,6.0711178,0.318508014
mercury,1421918.5,129.7184895,7.0150599,0.333432295
mercury,1429223.5,148.0379605,7.1289679,0.352126542
mercury,1436528.5,164.4010540,6.6222151,0.372429365
mercury,1443833.5,179.0317869,5.7133015,0.392686124
mercury,1451138.5,192.2175518,4.5721722,0.411613880
mercury,1458443.5,204.2646134,3.3133301,0.428398305
mercury,1465748.5,215.4406898,2.0105533,0.442481181
mercury,1473053.5,225.9848870,0.7085959,0.453496907
mercury,1480358.5,236.0940798,-0.5632609,0.461224166
mercury,1487663.5,245.9459345,-1.7853158,0.465537461
mercury,1494968.5,255.7044637,-2.9417916,0.466364673
mercury,1502273.5,265.5187036,-4.0162476,0.463687919
mercury,1509578.5,275.5475888,-4.9892957,0.457565964
mercury,1516883.5,285.9537677,-5.8345027,0.448076144
mercury,1524188.5,296.9190218,-6.5152500,0.435399868
mercury,1531493.5,308.6441251,-6.9788555,0.419843448
mercury,1538798.5,321.3727533,-7.1535169,0.401824591
mercury,1546103.5,335.3516411,-6.9431234,0.382072984
mercury,1553408.5,350.8683679,-6.2317246,0.361597374
mercury,1560713.5,8.1477307,-4.9073027,0.341897460
mercury,1568018.5,27.3108968,-2.9209787,0.324898961
mercury,1575323.5,48.1844228,-0.3894942,0.312874881
mercury,1582628.5,70.2415141,2.3344602,0.307781179
mercury,1589933.5,92.5295937,4.7284163,0.310585120
mercury,1597238.5,114.0291002,6.3614700,0.320760515
mercury,1604543.5,133.9375654,7.0862893,0.336531136
mercury,1611848.5,151.8952658,7.0181897,0.355659732
mercury,1619153.5,167.9304223,6.3810198,0.376086328
mercury,1626458.5,182.2732473,5.3878105,0.396185497
mercury,1633763.5,195.2309776,4.1964172,0.414794074
mercury,1641068.5,207.0955807,2.9128044,0.431137464
mercury,1648373.5,218.1444712,1.6014599,0.444705122
mercury,1655678.5,228.5906869,0.3044730,0.455147483
mercury,1662983.5,238.6437543,-0.9537690,0.462283741
mercury,1670288.5,248.4664338,-2.1537098,0.465982624
mercury,1677593.5,258.2259595,-3.2813047,0.466180488
mercury,1684898.5,268.0662059,-4.3188914,0.462897624
mercury,1692203.5,278.1551345,-5.2474016,0.456158157
mercury,1699508.5,288.6449975,-6.0379265,0.446085486
mercury,1706813.5,299.7323347,-6.6519918,0.432872996
mercury,1714118.5,311.6179335,-7.0341222,0.416827911
mercury,1721423.5,324.5450990,-7.1089104,0.398438094
mercury,1728728.5,338.7751928,-6.7776444,0.378458574
mercury,1736033.5,354.5825840,-5.9253766,0.357993692
mercury,1743338.5,12.1912848,-4.4504784,0.338590444
mercury,1750643.5,31.6695932,-2.3328405,0.322316670
mercury,1757948.5,52.8203787,0.2669952,0.311374908
mercury,1765253.5,74.9920015,2.9450873,0.307649582
mercury,1772558.5,97.2375420,5.1829507,0.311857496
mercury,1779863.5,118.5062331,6.5964046,0.323178975
mercury,1787168.5,138.0910811,7.1066015,0.339727083
mercury,1794473.5,155.6919820,6.8677930,0.359236524
mercury,1801778.5,171.4045531,6.1118275,0.379729516
mercury,1809083.5,185.4709896,5.0437290,0.399635376
mercury,1816388.5,198.2059863,3.8103049,0.417907842
mercury,1823693.5,209.9055285,2.5069105,0.433796512
mercury,1830998.5,220.8250795,1.1925121,0.446824984
mercury,1838303.5,231.1880072,-0.0966144,0.456706568
mercury,1845608.5,241.1856966,-1.3373789,0.463234431
mercury,1852913.5,250.9883009,-2.5130898,0.466312069
mercury,1860218.5,260.7488740,-3.6083204,0.465894939
mercury,1867523.5,270.6278736,-4.6072208,0.461986215
mercury,1874828.5,280.7732974,-5.4877787,0.454640082
mercury,1882133.5,291.3601301,-6.2210105,0.443989315
mercury,1889438.5,302.5720392,-6.7649302,0.430242627
mercury,1896743.5,314.6270192,-7.0620845,0.413721186
mercury,1904048.5,327.7595485,-7.0330703,0.394991105
mercury,1911353.5,342.2526404,-6.5773007,0.374810944
mercury,1918658.5,358.3560217,-5.5830554,0.354398498
mercury,1925963.5,16.2945899,-3.9609296,0.335386753
mercury,1933268.5,36.0966229,-1.7229429,0.319884396
mercury,1940573.5,57.4881983,0.9199293,0.310107146
mercury,1947878.5,79.7622302,3.5268119,0.307786353
mercury,1955183.5,101.9167445,5.5868036,0.313363306
mercury,1962488.5,122.9381816,6.7760502,0.325778609
mercury,1969793.5,142.1737302,7.0782679,0.343024552
mercury,1977098.5,159.4314718,6.6804931,0.362863947
mercury,1984403.5,174.8174287,5.8175340,0.383344767
mercury,1991708.5,188.6214775,4.6838145,0.403047292
mercury,1999013.5,201.1444944,3.4157482,0.420944602
mercury,2006318.5,212.6854745,2.0980812,0.436357469
mercury,2013623.5,223.4845994,0.7850438,0.448851013
mercury,2020928.5,233.7720024,-0.4928387,0.458153050
mercury,2028233.5,243.7200321,-1.7132109,0.464072778
mercury,2035538.5,253.5059249,-2.8616570,0.466533177
mercury,2042843.5,263.2776558,-3.9224221,0.465499193
mercury,2050148.5,273.1945779,-4.8795995,0.460964081
mercury,2057453.5,283.4058770,-5.7097792,0.453025346
mercury,2064758.5,294.0925416,-6.3824294,0.441802339
mercury,2072063.5,305.4373439,-6.8534187,0.427519991
mercury,2079368.5,317.6621008,-7.0616568,0.410568026
mercury,2086673.5,331.0173202,-6.9254137,0.391491458
mercury,2093978.5,345.7675448,-6.3429020,0.371167973
mercury,2101283.5,2.1835615,-5.2056776,0.350850619
mercury,2108588.5,20.4473580,-3.4422112,0.332297193
mercury,2115893.5,40.5709223,-1.0982991,0.317625958
mercury,2123198.5,62.1782451,1.5625075,0.309079428
mercury,2130503.5,84.5342690,4.0725944,0.308173405
mercury,2137808.5,106.5600941,5.9371702,0.315072146
mercury,2145113.5,127.3105589,6.9005538,0.328533278
mercury,2152418.5,146.1995712,7.0039387,0.346406133
mercury,2159723.5,163.1057714,6.4592155,0.366499202
mercury,2167028.5,178.1825330,5.5001226,0.386947529
mercury,2174333.5,191.7290357,4.3102977,0.406403794
mercury,2181638.5,204.0548394,3.0136329,0.423906190
mercury,2188943.5,215.4381701,1.6879245,0.438832370
mercury,2196248.5,226.1335671,0.3793161,0.450786874
mercury,2203553.5,236.3430307,-0.8830572,0.459489036
mercury,2210858.5,246.2528809,-2.0807863,0.464808788
mercury,2218163.5,256.0240241,-3.1987738,0.466647408
mercury,2225468.5,265.8149230,-4.2231014,0.464980854
mercury,2232773.5,275.7702040,-5.1354065,0.459839282
mercury,2240078.5,286.0593200,-5.9129166,0.451295204
mercury,2247383.5,296.8461608,-6.5219388,0.439503317
mercury,2254688.5,308.3327771,-6.9166277,0.424708575
mercury,2261993.5,320.7374096,-7.0325323,0.407325933
mercury,2269298.5,334.3191023,-6.7856868,0.387937273
mercury,2276603.5,349.3393185,-6.0737269,0.367508378
mercury,2283908.5,6.0710959,-4.7939675,0.347352028
mercury,2291213.5,24.6695011,-2.8954502,0.329306400
mercury,2298518.5,45.0900501,-0.4639693,0.315573405
mercury,2305823.5,66.9134201,2.1917209,0.308299067
mercury,2313128.5,89.2948067,4.5763612,0.308809330
mercury,2320433.5,111.1719370,6.2329582,0.317014125
mercury,2327738.5,131.6217181,6.9713399,0.331434303
mercury,2335043.5,150.1619403,6.8859782,0.349867531
mercury,2342348.5,166.7132025,6.2070511,0.370146760
mercury,2349653.5,181.4956457,5.1625913,0.390529275
mercury,2356958.5,194.7928895,3.9252956,0.409690233
mercury,2364263.5,206.9279003,2.6067614,0.426784105
mercury,2371568.5,218.1683918,1.2775405,0.441217197
mercury,2378873.5,228.7624835,-0.0224655,0.452604614
mercury,2386178.5,238.9030941,-1.2663699,0.460722421
mercury,2393483.5,248.7795202,-2.4384567,0.465430878
mercury,2400788.5,258.5434289,-3.5238731,0.466645215
mercury,2408093.5,268.3532715,-4.5086767,0.464357806
mercury,2415398.5,278.3589775,-5.3741579,0.458607712
mercury,2422703.5,288.7241054,-6.0959059,0.449465042
mercury,2430008.5,299.6208882,-6.6387040,0.437113844
mercury,2437313.5,311.2522876,-6.9536055,0.421830002
mercury,2444618.5,323.8475631,-6.9742754,0.404012533
mercury,2451923.5,337.6547906,-6.6138334,0.384370377
mercury,2459228.5,352.9631224,-5.7701988,0.363855036
mercury,2466533.5,10.0063533,-4.3507693,0.343918452
mercury,2473838.5,28.9432497,-2.3256691,0.326455902
mercury,2481143.5,49.6531608,0.1748491,0.313722844
mercury,2488448.5,71.6655941,2.7982671,0.307757768
mercury,2495753.5,94.0422308,5.0342224,0.309687297
mercury,2503058.5,115.7389863,6.4726448,0.319155087
mercury,2510363.5,135.8781768,6.9901005,0.334455486
mercury,2517668.5,154.0539743,6.7273781,0.353383596
mercury,2524973.5,170.2710092,5.9262608,0.373813741
mercury,2532278.5,184.7570454,4.8074672,0.394062796
mercury,2539583.5,197.8223284,3.5301003,0.412925795
mercury,2546888.5,209.7710772,2.1965485,0.429586664
mercury,2554193.5,220.8820283,0.8675809,0.443508626
mercury,2561498.5,231.3746321,-0.4191868,0.454326629
mercury,2568803.5,241.4598028,-1.6423400,0.461856535
mercury,2576108.5,251.3029050,-2.7856025,0.465940138
mercury,2583413.5,261.0669502,-3.8362279,0.466532747
mercury,2590718.5,270.9003846,-4.7788494,0.463628394
mercury,2598023.5,280.9626456,-5.5952617,0.457254485
mercury,2605328.5,291.4068088,-6.2584390,0.447529121
mercury,2612633.5,302.4225735,-6.7320072,0.434625350
mercury,2619938.5,314.2061554,-6.9642831,0.418844897
mercury,2627243.5,326.9942638,-6.8862503,0.400641013
mercury,2634548.5,341.0459415,-6.4090330,0.380752125
mercury,2641853.5,356.6395342,-5.4330993,0.360209573
mercury,2649158.5,14.0093389,-3.8760972,0.340549576
mercury,2656463.5,33.2738822,-1.7359533,0.323759970
mercury,2663768.5,54.2741971,0.8142431,0.312080195
mercury,2671073.5,76.4265280,3.3758001,0.307477797
mercury,2678378.5,98.7826668,5.4435850,0.310829285
mercury,2685683.5,120.2550747,6.6557543,0.321478975
mercury,2692988.5,140.0684627,6.9587017,0.337606878
mercury,2700293.5,157.8805048,6.5312463,0.356955503
mercury,2707598.5,173.7677333,5.6201504,0.377472551
mercury,2714903.5,187.9671468,4.4371887,0.397551387
mercury,2722208.5,200.8100924,3.1276371,0.416091050
mercury,2729513.5,212.5865844,1.7842669,0.432297768
mercury,2736818.5,223.5686399,0.4606012,0.445689415
mercury,2744123.5,233.9748474,-0.8101294,0.455951033
mercury,2751428.5,244.0053694,-2.0091906,0.462867028
mercury,2758733.5,253.8231794,-3.1214241,0.466338765
mercury,2766038.5,263.5904330,-4.1344125,0.466313269
mercury,2773343.5,273.4561631,-5.0330550,0.462781058
mercury,2780648.5,283.5730685,-5.7973683,0.455803954
mercury,2787953.5,294.1087550,-6.3997416,0.445495059
mercury,2795258.5,305.2433687,-6.8011147,0.432050563
mercury,2802563.5,317.1877074,-6.9479491,0.415785667
mercury,2809868.5,330.1742568,-6.7680502,0.397230467
venus,625673.5,258.4503304,0.6860510,0.727621007
venus,632978.5,80.3945494,-0.5711149,0.718791306
venus,640283.5,265.4751295,0.2726581,0.728214550
venus,647588.5,87.6059625,-0.1447812,0.718211887
venus,654893.5,272.4858359,-0.1443810,0.728735952
venus,662198.5,94.8244326,0.2845587,0.717734753
venus,669503.5,279.4907929,-0.5591629,0.729181247
venus,676808.5,102.0548809,0.7100467,0.717331267
venus,684113.5,286.4890182,-0.9652079,0.729523302
venus,691418.5,109.2939644,1.1245896,0.717008997
venus,698723.5,293.4818658,-1.3561880,0.729782469
venus,706028.5,116.5404837,1.5212676,0.716809285
venus,713333.5,300.4753880,-1.7264891,0.729947111
venus,720638.5,123.7932096,1.8932514,0.716702193
venus,727943.5,307.4675852,-2.0704012,0.729998885
venus,735248.5,131.0455434,2.2340830,0.716689002
venus,742553.5,314.4614200,-2.3826519,0.729962293
venus,749858.5,138.3019419,2.5384304,0.716793881
venus,757163.5,321.4616715,-2.6585783,0.729820467
venus,764468.5,145.5606567,2.8010989,0.716995942
venus,771773.5,328.4680493,-2.8939561,0.729569371
venus,779078.5,152.8131463,3.0174150,0.717296360
venus,786383.5,335.4837601,-3.0851697,0.729242286
venus,793688.5,160.0634132,3.1840715,0.717695429
venus,800993.5,342.5107698,-3.2290320,0.728814642
venus,808298.5,167.3063966,3.2984349,0.718169974
venus,815603.5,349.5470361,-3.3230793,0.728294282
venus,822908.5,174.5359635,3.3586529,0.718728828
venus,830213.5,356.5947548,-3.3657995,0.727721034
venus,837518.5,181.7574429,3.3639424,0.719352269
venus,844823.5,3.6557154,-3.3562124,0.727072711
venus,852128.5,188.9649366,3.3145668,0.720022140
venus,859433.5,10.7296583,-3.2940258,0.726363925
venus,866738.5,196.1552349,3.2116540,0.720750839
venus,874043.5,17.8182886,-3.1799244,0.725628836
venus,881348.5,203.3334040,3.0569507,0.721507270
venus,888653.5,24.9200392,-3.0154738,0.724853558
venus,895958.5,210.4924751,2.8533753,0.722276260
venus,903263.5,32.0316909,-2.8029237,0.724061521
venus,910568.5,217.6323722,2.6046779,0.723079356
venus,917873.5,39.1569959,-2.5451665,0.723272067
venus,925178.5,224.7546942,2.3149842,0.723871274
venus,932483.5,46.2957908,-2.2461828,0.722477184
venus,939788.5,231.8565695,1.9891260,0.724638829
venus,947093.5,53.4450063,-1.9106121,0.721706344
venus,954398.5,238.9442272,1.6323428,0.725404448
venus,961703.5,60.6078498,-1.5433283,0.720966104
venus,969008.5,246.0157557,1.2505502,0.726128414
venus,976313.5,67.7822934,-1.1502980,0.720254898
venus,983618.5,253.0674370,0.8499201,0.726796869
venus,990923.5,74.9648598,-0.7380639,0.719604552
venus,998228.5,260.1073627,0.4364168,0.727423717
venus,1005533.5,82.1609782,-0.3128744,0.719004729
venus,1012838.5,267.1350707,0.0166678,0.727978623
venus,1020143.5,89.3673110,0.1182655,0.718467033
venus,1027448.5,274.1511304,-0.4028138,0.728463762
venus,1034753.5,96.5811986,0.5480673,0.718025666
venus,1042058.5,281.1630718,-0.8160647,0.728875740
venus,1049363.5,103.8077751,0.9696530,0.717651588
venus,1056668.5,288.1681038,-1.2164798,0.729191286
venus,1063973.5,111.0419611,1.3759265,0.717358183
venus,1071278.5,295.1678909,-1.5978122,0.729427374
venus,1078583.5,118.2812043,1.7600265,0.717182449
venus,1085888.5,302.1683690,-1.9546410,0.729572743
venus,1093193.5,125.5266730,2.1154452,0.717091382
venus,1100498.5,309.1683285,-2.2815063,0.729608674
venus,1107803.5,132.7730238,2.4361184,0.717088725
venus,1115108.5,316.1719404,-2.5733927,0.729561621
venus,1122413.5,140.0245240,2.7170244,0.717202387
venus,1129718.5,323.1827910,-2.8258850,0.729414543
venus,1137023.5,147.2779291,2.9532644,0.717404587
venus,1144328.5,330.1994220,-3.0350914,0.729164952
venus,1151633.5,154.5233383,3.1406459,0.717697224
venus,1158938.5,337.2243723,-3.1977275,0.728843832
venus,1166243.5,161.7655818,3.2764333,0.718081564
venus,1173548.5,344.2590347,-3.3110426,0.728428421
venus,1180853.5,169.0013928,3.3585337,0.718534590
venus,1188158.5,351.3028277,-3.3731302,0.727927595
venus,1195463.5,176.2241736,3.3856092,0.719064724
venus,1202768.5,358.3585283,-3.3829270,0.727382193
venus,1210073.5,183.4407699,3.3574295,0.719656099
venus,1217378.5,5.4271302,-3.3399055,0.726764924
venus,1224683.5,190.6435542,3.2747910,0.720287846
venus,1231988.5,12.5071520,-3.2443747,0.726093057
venus,1239293.5,197.8286610,3.1393656,0.720976191
venus,1246598.5,19.5992236,-3.0975911,0.725401773
venus,1253903.5,205.0018301,2.9534478,0.721690925
venus,1261208.5,26.7018441,-2.9016790,0.724673034
venus,1268513.5,212.1555965,2.7204865,0.722416288
venus,1275818.5,33.8143184,-2.6594084,0.723928328
venus,1283123.5,219.2907249,2.4446238,0.723172727
venus,1290428.5,40.9402766,-2.3741384,0.723189867
venus,1297733.5,226.4113872,2.1303006,0.723917259
venus,1305038.5,48.0791766,-2.0503286,0.722444516
venus,1312343.5,233.5123223,1.7827876,0.724636615
venus,1319648.5,55.2268037,-1.6931560,0.721723142
venus,1326953.5,240.5985493,1.4076977,0.725356883
venus,1334258.5,62.3860661,-1.3078997,0.721032628
venus,1341563.5,247.6692502,1.0111864,0.726033625
venus,1348868.5,69.5564391,-0.9007894,0.720367193
venus,1356173.5,254.7207155,0.5996303,0.726655044
venus,1363478.5,76.7352688,-0.4785684,0.719761147
venus,1370783.5,261.7630564,0.1790312,0.727240556
venus,1378088.5,83.9277274,-0.0476525,0.719206733
venus,1385393.5,268.7960479,-0.2439007,0.727757686
venus,1392698.5,91.1307944,0.3848390,0.718708774
venus,1400003.5,275.8172085,-0.6624189,0.728204199
venus,1407308.5,98.3403898,0.8115144,0.718303454
venus,1414613.5,282.8345524,-1.0705759,0.728584757
venus,1421918.5,105.5617438,1.2255362,0.717962553
venus,1429223.5,289.8452657,-1.4618714,0.728871255
venus,1436528.5,112.7900034,1.6199433,0.717697200
venus,1443833.5,296.8511581,-1.8302123,0.729080809
venus,1451138.5,120.0227475,1.9881205,0.717546764
venus,1458443.5,303.8601835,-2.1704604,0.729204933
venus,1465748.5,127.2627961,2.3238793,0.717474479
venus,1473053.5,310.8704476,-2.4773870,0.729223151
venus,1480358.5,134.5054978,2.6215009,0.717482822
venus,1487663.5,317.8839380,-2.7461383,0.729162063
venus,1494968.5,141.7510407,2.8762171,0.717606430
venus,1502273.5,324.9045114,-2.9726376,0.729010976
venus,1509578.5,148.9969138,3.0836445,0.717810472
venus,1516883.5,331.9297802,-3.1534112,0.728760140
venus,1524188.5,156.2340217,3.2401403,0.718092440
venus,1531493.5,338.9626974,-3.2856263,0.728443931
venus,1538798.5,163.4688671,3.3435382,0.718462997
venus,1546103.5,346.0064973,-3.3669710,0.728042241
venus,1553408.5,170.6992957,3.3922837,0.718896653
venus,1560713.5,353.0593278,-3.3960202,0.727561708
venus,1568018.5,177.9172958,3.3855313,0.719398238
venus,1575323.5,0.1230086,-3.3722362,0.727042455
venus,1582628.5,185.1277701,3.3236001,0.719959940
venus,1589933.5,7.1979400,-3.2955948,0.726458517
venus,1597238.5,192.3244190,3.2079342,0.720558218
venus,1604543.5,14.2816998,-3.1670023,0.725821773
venus,1611848.5,199.5027490,3.0407310,0.721206934
venus,1619153.5,21.3756963,-2.9883237,0.725173610
venus,1626458.5,206.6698230,2.8247248,0.721882851
venus,1633763.5,28.4804844,-2.7621341,0.724490766
venus,1641068.5,213.8195644,2.5638356,0.722566276
venus,1648373.5,35.5952176,-2.4916812,0.723790659
venus,1655678.5,220.9511861,2.2626392,0.723275474
venus,1662983.5,42.7223727,-2.1808881,0.723099652
venus,1670288.5,228.0689603,1.9259144,0.723973931
venus,1677593.5,49.8603841,-1.8347316,0.722404084
venus,1684898.5,235.1678023,1.5593121,0.724647493
venus,1692203.5,57.0051407,-1.4587864,0.721728404
venus,1699508.5,242.2510474,1.1688078,0.725320429
venus,1706813.5,64.1611741,-1.0586001,0.721086557
venus,1714118.5,249.3208061,0.7605950,0.725951379
venus,1721423.5,71.3294372,-0.6405879,0.720468111
venus,1728728.5,256.3744449,0.3411615,0.726527050
venus,1736033.5,78.5063222,-0.2117159,0.719905427
venus,1743338.5,263.4202517,-0.0832614,0.727071576
venus,1750643.5,85.6959729,0.2214204,0.719395902
venus,1757948.5,270.4571407,-0.5058502,0.727551245
venus,1765253.5,92.8947501,0.6515767,0.718940207
venus,1772558.5,277.4824444,-0.9198799,0.727959026
venus,1779863.5,100.0994795,1.0714515,0.718568719
venus,1787168.5,284.5036857,-1.3194254,0.728304232
venus,1794473.5,107.3156812,1.4743630,0.718262607
venus,1801778.5,291.5208576,-1.6982882,0.728561576
venus,1809083.5,114.5394639,1.8535661,0.718028134
venus,1816388.5,298.5355117,-2.0505728,0.728741691
venus,1823693.5,121.7676484,2.2026395,0.717902040
venus,1830998.5,305.5539269,-2.3712568,0.728841781
venus,1838303.5,129.0032882,2.5157441,0.717849336
venus,1845608.5,312.5737404,-2.6553666,0.728841617
venus,1852913.5,136.2403438,2.7875031,0.717872619
venus,1860218.5,319.5958010,-2.8983865,0.728766241
venus,1867523.5,143.4783896,3.0135980,0.718003525
venus,1874828.5,326.6244845,-3.0966386,0.728608227
venus,1882133.5,150.7162246,3.1902200,0.718209104
venus,1889438.5,333.6592395,-3.2471322,0.728358119
venus,1896743.5,157.9470771,3.3143091,0.718481444
venus,1904048.5,340.7021881,-3.3474455,0.728046144
venus,1911353.5,165.1770694,3.3841637,0.718837704
venus,1918658.5,347.7553167,-3.3957071,0.727658574
venus,1925963.5,172.4022031,3.3987708,0.719253978
venus,1933268.5,354.8163197,-3.3910181,0.727199788
venus,1940573.5,179.6133407,3.3579052,0.719731693
venus,1947878.5,1.8857479,-3.3334094,0.726706387
venus,1955183.5,186.8159616,3.2624532,0.720263848
venus,1962488.5,8.9647115,-3.2234287,0.726152997
venus,1969793.5,194.0051215,3.1144291,0.720831483
venus,1977098.5,16.0525479,-3.0624977,0.725553199
venus,1984403.5,201.1777139,2.9165192,0.721444092
venus,1991708.5,23.1499689,-2.8530129,0.724945424
venus,1999013.5,208.3402243,2.6718671,0.722080803
venus,2006318.5,30.2578435,-2.5980855,0.724305576
venus,2013623.5,215.4855166,2.3848772,0.722723116
venus,2020928.5,37.3746824,-2.3014650,0.723647940
venus,2028233.5,222.6123130,2.0605989,0.723387584
venus,2035538.5,44.5012694,-1.9676064,0.723002430
venus,2042843.5,229.7258531,1.7040782,0.724039695
venus,2050148.5,51.6372170,-1.6019215,0.722353719
venus,2057453.5,236.8212203,1.3212355,0.724668967
venus,2064758.5,58.7803105,-1.2102091,0.721725267
venus,2072063.5,243.9032608,0.9182362,0.725296410
venus,2079368.5,65.9355064,-0.7982134,0.721129121
venus,2086673.5,250.9736640,0.5014541,0.725880860
venus,2093978.5,73.1029909,-0.3726555,0.720557613
venus,2101283.5,258.0293796,0.0774906,0.726413151
venus,2108588.5,80.2777111,0.0592679,0.720039293
venus,2115893.5,265.0777323,-0.3472464,0.726918171
venus,2123198.5,87.4632309,0.4908988,0.719574281
venus,2130503.5,272.1169128,-0.7658947,0.727357201
venus,2137808.5,94.6577659,0.9150802,0.719158613
venus,2145113.5,279.1456497,-1.1719334,0.727724722
venus,2152418.5,101.8585658,1.3246210,0.718824065
venus,2159723.5,286.1731365,-1.5596462,0.728033974
venus,2167028.5,109.0716426,1.7130504,0.718551363
venus,2174333.5,293.1982574,-1.9229140,0.728259084
venus,2181638.5,116.2920468,2.0737975,0.718349617
venus,2188943.5,300.2215987,-2.2560507,0.728409217
venus,2196248.5,123.5150826,2.4006561,0.718249299
venus,2203553.5,307.2486155,-2.5542867,0.728484097
venus,2210858.5,130.7450741,2.6882545,0.718216028
venus,2218163.5,314.2761247,-2.8129470,0.728463479
venus,2225468.5,137.9758015,2.9317180,0.718253453
venus,2232773.5,321.3067254,-3.0279717,0.728375029
venus,2240078.5,145.2069970,3.1271866,0.718393738
venus,2247383.5,328.3456899,-3.1961346,0.728211063
venus,2254688.5,152.4393419,3.2713988,0.718596927
venus,2261993.5,335.3905495,-3.3148101,0.727959864
venus,2269298.5,159.6652422,3.3618463,0.718861374
venus,2276603.5,342.4429613,-3.3820364,0.727654511
venus,2283908.5,166.8890985,3.3973438,0.719207210
venus,2291213.5,349.5035046,-3.3964691,0.727281910
venus,2298518.5,174.1069801,3.3774830,0.719607597
venus,2305823.5,356.5701583,-3.3578005,0.726843317
venus,2313128.5,181.3095907,3.3026834,0.720062368
venus,2320433.5,3.6449354,-3.2665912,0.726374974
venus,2327738.5,188.5045422,3.1743596,0.720569467
venus,2335043.5,10.7293441,-3.1238944,0.725851950
venus,2342348.5,195.6885075,2.9949873,0.721105840
venus,2349653.5,17.8219392,-2.9317084,0.725285908
venus,2356958.5,202.8555378,2.7677799,0.721684467
venus,2364263.5,24.9230328,-2.6929568,0.724717899
venus,2371568.5,210.0122351,2.4963535,0.722284360
venus,2378873.5,32.0326330,-2.4112891,0.724116965
venus,2386178.5,217.1513362,2.1855501,0.722885411
venus,2393483.5,39.1495915,-2.0909716,0.723498997
venus,2400788.5,224.2718091,1.8407595,0.723505728
venus,2408093.5,46.2757275,-1.7368056,0.722898903
venus,2415398.5,231.3818499,1.4672079,0.724116247
venus,2422703.5,53.4113726,-1.3545038,0.722297005
venus,2430008.5,238.4759745,1.0710456,0.724700342
venus,2437313.5,60.5548822,-0.9501616,0.721711758
venus,2444618.5,245.5570301,0.6587364,0.725283721
venus,2451923.5,67.7099913,-0.5297726,0.721162807
venus,2459228.5,252.6277953,0.2367724,0.725824210
venus,2466533.5,74.8755917,-0.1003014,0.720637057
venus,2473838.5,259.6842773,-0.1881403,0.726313085
venus,2481143.5,82.0470293,0.3309501,0.720162532
venus,2488448.5,266.7335304,-0.6095964,0.726776668
venus,2495753.5,89.2288227,0.7574129,0.719741394
venus,2503058.5,273.7761639,-1.0209025,0.727174688
venus,2510363.5,96.4210859,1.1721236,0.719365654
venus,2517668.5,280.8102038,-1.4156575,0.727498389
venus,2524973.5,103.6198324,1.5679282,0.719066738
venus,2532278.5,287.8445475,-1.7882931,0.727772136
venus,2539583.5,110.8300081,1.9385106,0.718831539
venus,2546888.5,294.8778065,-2.1328779,0.727964818
venus,2554193.5,118.0459751,2.2776075,0.718661425
venus,2561498.5,301.9081838,-2.4439047,0.728081881
venus,2568803.5,125.2632808,2.5794186,0.718586644
venus,2576108.5,308.9427000,-2.7170413,0.728131427
venus,2583413.5,132.4876832,2.8390461,0.718573284
venus,2590718.5,315.9793451,-2.9480313,0.728093060
venus,2598023.5,139.7139174,3.0521516,0.718624164
venus,2605328.5,323.0197725,-3.1331480,0.727990329
venus,2612633.5,146.9397803,3.2153225,0.718771435
venus,2619938.5,330.0687692,-3.2695952,0.727821403
venus,2627243.5,154.1662964,3.3258134,0.718975443
venus,2634548.5,337.1227659,-3.3552444,0.727570724
venus,2641853.5,161.3862355,3.3817425,0.719232177
venus,2649158.5,344.1819180,-3.3886137,0.727270990
venus,2656463.5,168.6023199,3.3825325,0.719570890
venus,2663768.5,351.2488100,-3.3689186,0.726914090
venus,2671073.5,175.8121961,3.3283536,0.719957898
venus,2678378.5,358.3221216,-3.2964372,0.726495137
venus,2685683.5,183.0078748,3.2201883,0.720390077
venus,2692988.5,5.4029757,-3.1722297,0.726048496
venus,2700293.5,190.1962895,3.0599742,0.720872227
venus,2707598.5,12.4928897,-2.9978586,0.725555276
venus,2714903.5,197.3742196,2.8506910,0.721382561
venus,2722208.5,19.5892047,-2.7759383,0.725021955
venus,2729513.5,204.5342160,2.5960491,0.721925873
venus,2736818.5,26.6917490,-2.5099652,0.724488064
venus,2744123.5,211.6830049,2.3001108,0.722490505
venus,2751428.5,33.8025688,-2.2039508,0.723925155
venus,2758733.5,218.8157622,1.9680310,0.723053004
venus,2766038.5,40.9208604,-1.8625714,0.723346645
venus,2773343.5,225.9324095,1.6054156,0.723631294
venus,2780648.5,48.0481860,-1.4910181,0.722789744
venus,2787953.5,233.0399449,1.2177774,0.724200918
venus,2795258.5,55.1847781,-1.0952861,0.722233512
venus,2802563.5,240.1325855,0.8115476,0.724744297
venus,2809868.5,62.3285019,-0.6817363,0.721690883
emb,625673.5,146.6782422,0.4348081,0.990366459
emb,632978.5,146.5436523,0.4337374,0.990310661
emb,640283.5,146.4137373,0.4327659,0.990262534
emb,647588.5,146.2899342,0.4315548,0.990209477
emb,654893.5,146.1575759,0.4305677,0.990172482
emb,662198.5,146.0251973,0.4294945,0.990127005
emb,669503.5,145.9024203,0.4282729,0.990069438
emb,676808.5,145.7690976,0.4273563,0.990033732
emb,684113.5,145.6380863,0.4260652,0.989996125
emb,691418.5,145.5107758,0.4250924,0.989915644
emb,698723.5,145.3804751,0.4238965,0.989910705
emb,706028.5,145.2475431,0.4228331,0.989846150
emb,713333.5,145.1201646,0.4216187,0.989774892
emb,720638.5,144.9902868,0.4206341,0.989771072
emb,727943.5,144.8597792,0.4192745,0.989717160
emb,735248.5,144.7283550,0.4183881,0.989629587
emb,742553.5,144.6036457,0.4169975,0.989634668
emb,749858.5,144.4691822,0.4159862,0.989573887
emb,757163.5,144.3394333,0.4147866,0.989516530
emb,764468.5,144.2135729,0.4135604,0.989474403
emb,771773.5,144.0805090,0.4124265,0.989442246
emb,779078.5,143.9473963,0.4112700,0.989383911
emb,786383.5,143.8241357,0.4099640,0.989327377
emb,793688.5,143.6893491,0.4088814,0.989287812
emb,800993.5,143.5577313,0.4076305,0.989263476
emb,808298.5,143.4324686,0.4063378,0.989167731
emb,815603.5,143.3004801,0.4052994,0.989160561
emb,822908.5,143.1693805,0.4038511,0.989104959
emb,830213.5,143.0402956,0.4028107,0.989037175
emb,837518.5,142.9130378,0.4014646,0.989014464
emb,844823.5,142.7788844,0.4002597,0.988969474
emb,852128.5,142.6511234,0.3989833,0.988882272
emb,859433.5,142.5214992,0.3978150,0.988889728
emb,866738.5,142.3919840,0.3963650,0.988814231
emb,874043.5,142.2562386,0.3953607,0.988759730
emb,881348.5,142.1350636,0.3938169,0.988736566
emb,888653.5,141.9974470,0.3927236,0.988690727
emb,895958.5,141.8694031,0.3913670,0.988634180
emb,903263.5,141.7413622,0.3900368,0.988590856
emb,910568.5,141.6111058,0.3888010,0.988561450
emb,917873.5,141.4758538,0.3874945,0.988518489
emb,925178.5,141.3542662,0.3861081,0.988443272
emb,932483.5,141.2184295,0.3849159,0.988429044
emb,939788.5,141.0893100,0.3835194,0.988401060
emb,947093.5,140.9596745,0.3821799,0.988304803
emb,954398.5,140.8310100,0.3809881,0.988307175
emb,961703.5,140.6962517,0.3794710,0.988263275
emb,969008.5,140.5677206,0.3783085,0.988193618
emb,976313.5,140.4386720,0.3768756,0.988180325
emb,983618.5,140.3064648,0.3755155,0.988140252
emb,990923.5,140.1732625,0.3742309,0.988073360
emb,998228.5,140.0493153,0.3728095,0.988067372
emb,1005533.5,139.9146037,0.3714316,0.988004915
emb,1012838.5,139.7826540,0.3701123,0.987971167
emb,1020143.5,139.6577382,0.3686614,0.987934074
emb,1027448.5,139.5243252,0.3672797,0.987902713
emb,1034753.5,139.3905956,0.3659703,0.987855200
emb,1042058.5,139.2659484,0.3643884,0.987808975
emb,1049363.5,139.1306776,0.3632188,0.987789255
emb,1056668.5,138.9989953,0.3615863,0.987758693
emb,1063973.5,138.8706475,0.3603235,0.987672503
emb,1071278.5,138.7398245,0.3588111,0.987683327
emb,1078583.5,138.6059799,0.3574450,0.987640136
emb,1085888.5,138.4784728,0.3559141,0.987558966
emb,1093193.5,138.3480153,0.3546172,0.987557529
emb,1100498.5,138.2161734,0.3529687,0.987527816
emb,1107803.5,138.0834136,0.3517223,0.987449326
emb,1115108.5,137.9587848,0.3501038,0.987443846
emb,1122413.5,137.8224519,0.3486992,0.987396960
emb,1129718.5,137.6902348,0.3472610,0.987356900
emb,1137023.5,137.5644397,0.3457205,0.987314720
emb,1144328.5,137.4297825,0.3442913,0.987283189
emb,1151633.5,137.2961617,0.3427852,0.987238703
emb,1158938.5,137.1717746,0.3412737,0.987199918
emb,1166243.5,137.0381984,0.3397841,0.987158052
emb,1173548.5,136.9047666,0.3382965,0.987136406
emb,1180853.5,136.7802866,0.3366764,0.987055200
emb,1188158.5,136.6462569,0.3353349,0.987065677
emb,1195463.5,136.5161410,0.3335751,0.987007773
emb,1202768.5,136.3849777,0.3322531,0.986943513
emb,1210073.5,136.2576552,0.3305718,0.986939205
emb,1217378.5,136.1210813,0.3291090,0.986906528
emb,1224683.5,135.9934036,0.3275255,0.986814013
emb,1231988.5,135.8625276,0.3260421,0.986829836
emb,1239293.5,135.7320759,0.3243509,0.986783951
emb,1246598.5,135.5961837,0.3229896,0.986728067
emb,1253903.5,135.4754948,0.3212238,0.986700905
emb,1261208.5,135.3367629,0.3197781,0.986675271
emb,1268513.5,135.2077665,0.3181700,0.986639847
emb,1275818.5,135.0806609,0.3165219,0.986587475
emb,1283123.5,134.9487285,0.3150244,0.986571154
emb,1290428.5,134.8131946,0.3133482,0.986541699
emb,1297733.5,134.6903622,0.3117755,0.986481481
emb,1305038.5,134.5542654,0.3102028,0.986463737
emb,1312343.5,134.4232917,0.3085507,0.986445331
emb,1319648.5,134.2936406,0.3069390,0.986366970
emb,1326953.5,134.1638935,0.3054274,0.986383522
emb,1334258.5,134.0299175,0.3036340,0.986332492
emb,1341563.5,133.9003525,0.3021916,0.986275569
emb,1348868.5,133.7711630,0.3004649,0.986283408
emb,1356173.5,133.6384015,0.2988053,0.986245982
emb,1363478.5,133.5050412,0.2972783,0.986178973
emb,1370783.5,133.3804952,0.2954862,0.986188130
emb,1378088.5,133.2444159,0.2939089,0.986149132
emb,1385393.5,133.1122806,0.2922329,0.986109498
emb,1392698.5,132.9862503,0.2905379,0.986074405
emb,1400003.5,132.8514489,0.2888391,0.986066747
emb,1407308.5,132.7169212,0.2872753,0.986034543
emb,1414613.5,132.5931226,0.2853739,0.985978886
emb,1421918.5,132.4565174,0.2839480,0.985974198
emb,1429223.5,132.3251674,0.2820073,0.985960632
emb,1436528.5,132.1967193,0.2804824,0.985879138
emb,1443833.5,132.0652043,0.2786992,0.985889852
emb,1451138.5,131.9310982,0.2770026,0.985860263
emb,1458443.5,131.8028524,0.2752572,0.985797322
emb,1465748.5,131.6714414,0.2736295,0.985799873
emb,1473053.5,131.5387116,0.2717366,0.985766136
emb,1480358.5,131.4048387,0.2701807,0.985704121
emb,1487663.5,131.2783300,0.2683300,0.985720441
emb,1494968.5,131.1424606,0.2665860,0.985666152
emb,1502273.5,131.0090375,0.2649360,0.985634067
emb,1509578.5,130.8837478,0.2630504,0.985608294
emb,1516883.5,130.7480061,0.2613980,0.985592837
emb,1524188.5,130.6155095,0.2595882,0.985538608
emb,1531493.5,130.4894183,0.2578208,0.985514275
emb,1538798.5,130.3561657,0.2560315,0.985492973
emb,1546103.5,130.2211443,0.2543203,0.985479378
emb,1553408.5,130.0973940,0.2523813,0.985392271
emb,1560713.5,129.9600254,0.2508059,0.985420612
emb,1568018.5,129.8299634,0.2487760,0.985383076
emb,1575323.5,129.6970487,0.2471716,0.985316594
emb,1582628.5,129.5689058,0.2452466,0.985320794
emb,1589933.5,129.4315401,0.2434964,0.985300595
emb,1597238.5,129.3040157,0.2416575,0.985232430
emb,1604543.5,129.1721684,0.2399018,0.985239097
emb,1611848.5,129.0415272,0.2379743,0.985205323
emb,1619153.5,128.9052714,0.2362903,0.985164912
emb,1626458.5,128.7830707,0.2343480,0.985159365
emb,1633763.5,128.6447467,0.2325605,0.985122241
emb,1641068.5,128.5138215,0.2307511,0.985104084
emb,1648373.5,128.3856535,0.2288135,0.985069640
emb,1655678.5,128.2522301,0.2270880,0.985061843
emb,1662983.5,128.1159226,0.2251242,0.985027523
emb,1670288.5,127.9914724,0.2233243,0.984988964
emb,1677593.5,127.8553609,0.2214547,0.984991680
emb,1684898.5,127.7237660,0.2195788,0.984970134
emb,1692203.5,127.5938164,0.2176938,0.984897456
emb,1699508.5,127.4631629,0.2158944,0.984931838
emb,1706813.5,127.3286981,0.2139046,0.984899183
emb,1714118.5,127.1990102,0.2121305,0.984839113
emb,1721423.5,127.0683347,0.2102005,0.984856499
emb,1728728.5,126.9350798,0.2082558,0.984835379
emb,1736033.5,126.8006699,0.2064952,0.984784816
emb,1743338.5,126.6747120,0.2044265,0.984785023
emb,1750643.5,126.5374881,0.2026487,0.984762709
emb,1757948.5,126.4053281,0.2006373,0.984745675
emb,1765253.5,126.2778835,0.1987754,0.984715233
emb,1772558.5,126.1439382,0.1967808,0.984704116
emb,1779863.5,126.0084329,0.1949495,0.984691205
emb,1787168.5,125.8842561,0.1928343,0.984655580
emb,1794473.5,125.7474628,0.1911315,0.984648309
emb,1801778.5,125.6158986,0.1889335,0.984640093
emb,1809083.5,125.4861070,0.1871668,0.984578081
emb,1816388.5,125.3546662,0.1851447,0.984605805
emb,1823693.5,125.2193815,0.1831746,0.984565306
emb,1830998.5,125.0897286,0.1812358,0.984519097
emb,1838303.5,124.9580228,0.1793028,0.984536981
emb,1845608.5,124.8246749,0.1772346,0.984515669
emb,1852913.5,124.6912626,0.1753829,0.984449243
emb,1860218.5,124.5639136,0.1733231,0.984480912
emb,1867523.5,124.4291026,0.1713149,0.984440836
emb,1874828.5,124.2949898,0.1694441,0.984420479
emb,1882133.5,124.1700583,0.1672739,0.984388357
emb,1889438.5,124.0334812,0.1654344,0.984392745
emb,1896743.5,123.9019125,0.1633105,0.984363686
emb,1904048.5,123.7738550,0.1613638,0.984331116
emb,1911353.5,123.6408775,0.1593180,0.984316559
emb,1918658.5,123.5044687,0.1573540,0.984325537
emb,1925963.5,123.3802630,0.1552055,0.984256772
emb,1933268.5,123.2428048,0.1534049,0.984275140
emb,1940573.5,123.1130107,0.1511137,0.984257557
emb,1947878.5,122.9798196,0.1492972,0.984204882
emb,1955183.5,122.8525341,0.1471725,0.984223412
emb,1962488.5,122.7153633,0.1451233,0.984193483
emb,1969793.5,122.5871557,0.1431217,0.984152196
emb,1977098.5,122.4564165,0.1410782,0.984172422
emb,1984403.5,122.3248630,0.1389601,0.984145670
emb,1991708.5,122.1886092,0.1370064,0.984105501
emb,1999013.5,122.0648796,0.1348845,0.984120309
emb,2006318.5,121.9269629,0.1328083,0.984099801
emb,2013623.5,121.7944968,0.1308387,0.984086182
emb,2020928.5,121.6668644,0.1286253,0.984056158
emb,2028233.5,121.5329696,0.1267064,0.984066347
emb,2035538.5,121.3980248,0.1245104,0.984055937
emb,2042843.5,121.2726971,0.1224925,0.984003954
emb,2050148.5,121.1374350,0.1204071,0.984022703
emb,2057453.5,121.0058223,0.1182799,0.984025718
emb,2064758.5,120.8759866,0.1162016,0.983961967
emb,2072063.5,120.7452391,0.1141517,0.983987181
emb,2079368.5,120.6101150,0.1119595,0.983980181
emb,2086673.5,120.4799273,0.1099103,0.983936016
emb,2093978.5,120.3487008,0.1078448,0.983953377
emb,2101283.5,120.2148416,0.1055844,0.983939497
emb,2108588.5,120.0800233,0.1036665,0.983907812
emb,2115893.5,119.9549441,0.1013631,0.983925980
emb,2123198.5,119.8173613,0.0993759,0.983899683
emb,2130503.5,119.6851494,0.0971367,0.983893971
emb,2137808.5,119.5578974,0.0950998,0.983879174
emb,2145113.5,119.4242199,0.0928436,0.983887614
emb,2152418.5,119.2882760,0.0908253,0.983868172
emb,2159723.5,119.1636487,0.0885140,0.983846479
emb,2167028.5,119.0268450,0.0865378,0.983855698
emb,2174333.5,118.8942673,0.0841987,0.983859967
emb,2181638.5,118.7636387,0.0821741,0.983789329
emb,2188943.5,118.6317351,0.0799594,0.983837565
emb,2196248.5,118.4969392,0.0777666,0.983819249
emb,2203553.5,118.3664156,0.0756601,0.983772144
emb,2210858.5,118.2357406,0.0734742,0.983785684
emb,2218163.5,118.1011508,0.0712629,0.983793846
emb,2225468.5,117.9691982,0.0691420,0.983740846
emb,2232773.5,117.8404258,0.0669516,0.983765063
emb,2240078.5,117.7062286,0.0646815,0.983742176
emb,2247383.5,117.5706442,0.0626370,0.983738641
emb,2254688.5,117.4468182,0.0602616,0.983717079
emb,2261993.5,117.3073819,0.0582307,0.983718766
emb,2269298.5,117.1762377,0.0558647,0.983709384
emb,2276603.5,117.0470070,0.0537782,0.983690082
emb,2283908.5,116.9144696,0.0514870,0.983692698
emb,2291213.5,116.7773683,0.0493384,0.983692323
emb,2298518.5,116.6531571,0.0470352,0.983647142
emb,2305823.5,116.5161045,0.0449738,0.983682058
emb,2313128.5,116.3858947,0.0425599,0.983669242
emb,2320433.5,116.2523567,0.0405146,0.983616721
emb,2327738.5,116.1247559,0.0382121,0.983659938
emb,2335043.5,115.9879724,0.0359517,0.983646790
emb,2342348.5,115.8577652,0.0338259,0.983600369
emb,2349653.5,115.7268220,0.0314925,0.983630181
emb,2356958.5,115.5936687,0.0292813,0.983628563
emb,2364263.5,115.4577886,0.0270694,0.983601868
emb,2371568.5,115.3328446,0.0247982,0.983606733
emb,2378873.5,115.1950532,0.0225164,0.983611542
emb,2386178.5,115.0627122,0.0203678,0.983612574
emb,2393483.5,114.9356134,0.0179723,0.983586813
emb,2400788.5,114.8004323,0.0158721,0.983599890
emb,2408093.5,114.6664560,0.0134869,0.983611835
emb,2415398.5,114.5412709,0.0112776,0.983573807
emb,2422703.5,114.4049717,0.0090518,0.983597536
emb,2430008.5,114.2729999,0.0066788,0.983602438
emb,2437313.5,114.1421797,0.0044938,0.983559201
emb,2444618.5,114.0112843,0.0021852,0.983605548
emb,2451923.5,113.8752223,-0.0001243,0.983590755
emb,2459228.5,113.7450458,-0.0023985,0.983560972
emb,2466533.5,113.6136788,-0.0046139,0.983597674
emb,2473838.5,113.4810257,-0.0070853,0.983596235
emb,2481143.5,113.3450091,-0.0091258,0.983554935
emb,2488448.5,113.2207020,-0.0116661,0.983597262
emb,2495753.5,113.0834817,-0.0137950,0.983588047
emb,2503058.5,112.9513649,-0.0161953,0.983588200
emb,2510363.5,112.8237577,-0.0184364,0.983568690
emb,2517668.5,112.6893786,-0.0208291,0.983602979
emb,2524973.5,112.5539564,-0.0230405,0.983598015
emb,2532278.5,112.4282494,-0.0254997,0.983573772
emb,2539583.5,112.2912743,-0.0276726,0.983592936
emb,2546888.5,112.1588097,-0.0301326,0.983616189
emb,2554193.5,112.0300729,-0.0323844,0.983558513
emb,2561498.5,111.8963245,-0.0346899,0.983602268
emb,2568803.5,111.7634967,-0.0371142,0.983596319
emb,2576108.5,111.6325513,-0.0393420,0.983568447
emb,2583413.5,111.5033990,-0.0417225,0.983595092
emb,2590718.5,111.3676354,-0.0440563,0.983595289
emb,2598023.5,111.2370992,-0.0463943,0.983562367
emb,2605328.5,111.1071162,-0.0486854,0.983604591
emb,2612633.5,110.9741937,-0.0511586,0.983585880
emb,2619938.5,110.8365950,-0.0533295,0.983580350
emb,2627243.5,110.7143214,-0.0558809,0.983586644
emb,2634548.5,110.5754516,-0.0580628,0.983602809
emb,2641853.5,110.4447051,-0.0605638,0.983591778
emb,2649158.5,110.3154299,-0.0628248,0.983578604
emb,2656463.5,110.1841139,-0.0652601,0.983607742
emb,2663768.5,110.0479639,-0.0675699,0.983616898
emb,2671073.5,109.9234405,-0.0700004,0.983571579
emb,2678378.5,109.7871386,-0.0722702,0.983619698
emb,2685683.5,109.6570056,-0.0747552,0.983625849
emb,2692988.5,109.5245104,-0.0770321,0.983582601
emb,2700293.5,109.3948498,-0.0794091,0.983621597
emb,2707598.5,109.2592918,-0.0818661,0.983629767
emb,2714903.5,109.1294838,-0.0841138,0.983603926
emb,2722208.5,108.9988360,-0.0866022,0.983635372
emb,2729513.5,108.8657475,-0.0889150,0.983633036
emb,2736818.5,108.7311721,-0.0913344,0.983632673
emb,2744123.5,108.6067734,-0.0936951,0.983651405
emb,2751428.5,108.4693853,-0.0961274,0.983654834
emb,2758733.5,108.3376341,-0.0984619,0.983665746
emb,2766038.5,108.2106352,-0.1009379,0.983661742
emb,2773343.5,108.0771246,-0.1032364,0.983687752
emb,2780648.5,107.9413262,-0.1057189,0.983690857
emb,2787953.5,107.8163579,-0.1081036,0.983674836
emb,2795258.5,107.6801043,-0.1104338,0.983715760
emb,2802563.5,107.5490177,-0.1129861,0.983728930
emb,2809868.5,107.4169047,-0.1152349,0.983683075
mars,625673.5,68.2841836,0.2080074,1.570266993
mars,632978.5,281.8020182,-1.3858543,1.405339756
mars,640283.5,151.5792066,2.2009121,1.650924767
mars,647588.5,32.8666342,-1.0959190,1.487022160
mars,654893.5,241.5522343,0.0431149,1.471779345
mars,662198.5,121.4215812,1.8799307,1.655267845
mars,669503.5,353.3268413,-2.0541567,1.414646481
mars,676808.5,205.4041633,1.3254484,1.555900902
mars,684113.5,90.6178890,1.0348503,1.615858765
mars,691418.5,310.7704595,-2.0379243,1.388403561
mars,698723.5,172.7515307,2.0547090,1.624796193
mars,706028.5,57.5356135,-0.1837031,1.542956582
mars,713333.5,268.5106436,-0.9675054,1.423640176
mars,720638.5,142.1456533,2.1540361,1.657865268
mars,727943.5,20.7468275,-1.4479526,1.459085332
mars,735248.5,229.6203597,0.4741876,1.500432944
mars,742553.5,111.9654458,1.6702949,1.646618070
mars,749858.5,339.8988832,-2.1624048,1.398536247
mars,757163.5,194.8007834,1.6011737,1.582512527
mars,764468.5,80.5660452,0.6962742,1.593824330
mars,771773.5,296.9718464,-1.7868437,1.393489149
mars,779078.5,163.0259048,2.1368201,1.640950833
mars,786383.5,46.3438123,-0.5806738,1.513817621
mars,793688.5,255.6122354,-0.5213466,1.446928484
mars,800993.5,132.7583403,2.0565082,1.659399376
mars,808298.5,8.1005085,-1.7483434,1.433626570
mars,815603.5,218.1562166,0.8646573,1.529803530
mars,822908.5,102.3643993,1.4186340,1.633106960
mars,830213.5,326.1831063,-2.1597492,1.389448779
mars,837518.5,184.5583953,1.8165077,1.606607509
mars,844823.5,70.1890243,0.3305705,1.568687686
mars,852128.5,283.3841289,-1.4498651,1.406062084
mars,859433.5,153.5044733,2.1626511,1.652599575
mars,866738.5,34.6938639,-0.9680250,1.484655176
mars,874043.5,243.2263512,-0.0759351,1.473783414
mars,881348.5,123.3928999,1.9116891,1.655529719
mars,888653.5,355.0164066,-1.9740165,1.412274785
mars,895958.5,207.1867509,1.2033993,1.558218888
mars,903263.5,92.5722006,1.1288071,1.614748266
mars,910568.5,312.3477852,-2.0424552,1.387578825
mars,917873.5,174.6281048,1.9724831,1.626785363
mars,925178.5,59.4182741,-0.0546667,1.540772053
mars,932483.5,270.1085935,-1.0530090,1.424785686
mars,939788.5,144.0871731,2.1355613,1.659016166
mars,947093.5,22.5114201,-1.3295347,1.456565496
mars,954398.5,231.3245844,0.3488278,1.502729467
mars,961703.5,113.9323533,1.7212596,1.646585590
mars,969008.5,341.5454158,-2.1057272,1.396871213
mars,976313.5,196.6259545,1.4867864,1.585044086
mars,983618.5,82.5111570,0.8041343,1.592630148
mars,990923.5,298.5821417,-1.8192052,1.393593231
mars,998228.5,164.9554203,2.0710836,1.642881749
mars,1005533.5,48.2243317,-0.4484639,1.511636001
mars,1012838.5,257.2890903,-0.6258867,1.448485195
mars,1020143.5,134.7410091,2.0585676,1.660053693
mars,1027448.5,9.8520411,-1.6430762,1.431092641
mars,1034753.5,219.9293458,0.7367281,1.531967571
mars,1042058.5,104.3413182,1.4885620,1.632438823
mars,1049363.5,327.8104378,-2.1291260,1.388100793
mars,1056668.5,186.4193367,1.7133242,1.608740925
mars,1063973.5,72.1131354,0.4496544,1.566867367
mars,1071278.5,284.9967183,-1.5076952,1.406629565
mars,1078583.5,155.4355856,2.1152994,1.654112786
mars,1085888.5,36.5151994,-0.8389818,1.482210855
mars,1093193.5,244.9135198,-0.1924181,1.475730269
mars,1100498.5,125.3634866,1.9335902,1.655950134
mars,1107803.5,356.7170672,-1.8876478,1.410284580
mars,1115108.5,208.9786041,1.0786976,1.560748497
mars,1122413.5,94.5414261,1.2156906,1.613979037
mars,1129718.5,313.9767664,-2.0395365,1.387131298
mars,1137023.5,176.5289737,1.8828154,1.628977110
mars,1144328.5,61.3342793,0.0727368,1.538801324
mars,1151633.5,271.7629168,-1.1338573,1.425869221
mars,1158938.5,146.0550618,2.1077176,1.660065293
mars,1166243.5,24.3016553,-1.2076186,1.453916855
mars,1173548.5,233.0503689,0.2244988,1.504705607
mars,1180853.5,115.9125936,1.7633212,1.646345306
mars,1188158.5,343.1882792,-2.0419746,1.395084827
mars,1195463.5,198.4383186,1.3690358,1.587337943
mars,1202768.5,84.4502803,0.9055306,1.591127702
mars,1210073.5,300.1702776,-1.8431226,1.393601609
mars,1217378.5,166.8524825,1.9975333,1.644745058
mars,1224683.5,50.0644637,-0.3189416,1.509268047
mars,1231988.5,258.9222929,-0.7237068,1.450097683
mars,1239293.5,136.6947795,2.0503271,1.660884328
mars,1246598.5,11.5617039,-1.5346052,1.428852641
mars,1253903.5,221.6661791,0.6099652,1.534498489
mars,1261208.5,106.3021605,1.5491189,1.632026106
mars,1268513.5,329.4238390,-2.0906636,1.387137857
mars,1275818.5,188.2745544,1.6049785,1.611154860
mars,1283123.5,74.0270370,0.5631891,1.565123763
mars,1290428.5,286.6089553,-1.5577821,1.407235693
mars,1297733.5,157.3700869,2.0592902,1.655492130
mars,1305038.5,38.3099052,-0.7103939,1.479527386
mars,1312343.5,246.5839078,-0.3043716,1.477481757
mars,1319648.5,127.3166338,1.9455276,1.656070907
mars,1326953.5,358.3625889,-1.7963523,1.408091493
mars,1334258.5,210.7343047,0.9535811,1.563123870
mars,1341563.5,96.4666564,1.2932795,1.612818142
mars,1348868.5,315.5434843,-2.0277571,1.386558115
mars,1356173.5,178.3786967,1.7874076,1.631107042
mars,1363478.5,63.1786754,0.1938997,1.536626422
mars,1370783.5,273.3512084,-1.2059416,1.427078980
mars,1378088.5,147.9713508,2.0701770,1.661267429
mars,1385393.5,26.0315641,-1.0854580,1.451522146
mars,1392698.5,234.7338410,0.1038472,1.507110574
mars,1400003.5,117.8558042,1.7948978,1.646340186
mars,1407308.5,344.8132388,-1.9715944,1.393638212
mars,1414613.5,200.2434779,1.2483261,1.589887629
mars,1421918.5,86.3714305,0.9992831,1.589742749
mars,1429223.5,301.7667860,-1.8589533,1.393670517
mars,1436528.5,168.7498297,1.9167048,1.646447146
mars,1443833.5,51.8923305,-0.1918301,1.506712912
mars,1451138.5,260.5510766,-0.8156637,1.451494140
mars,1458443.5,138.6349587,2.0324652,1.661410753
mars,1465748.5,13.2498605,-1.4227507,1.426396535
mars,1473053.5,223.3781837,0.4847380,1.536828181
mars,1480358.5,108.2400897,1.6000410,1.631288216
mars,1487663.5,331.0089829,-2.0444165,1.385981447
mars,1494968.5,190.0936110,1.4927526,1.613501554
mars,1502273.5,75.9091242,0.6697237,1.563270287
mars,1509578.5,288.1792521,-1.5989681,1.407892052
mars,1516883.5,159.2800075,1.9948251,1.657046173
mars,1524188.5,40.0912459,-0.5827899,1.477169823
mars,1531493.5,248.2402295,-0.4116416,1.479629578
mars,1538798.5,129.2751460,1.9475916,1.656483643
mars,1546103.5,0.0371894,-1.6993569,1.406310296
mars,1553408.5,212.5220842,0.8265095,1.565718131
mars,1560713.5,98.4211028,1.3630310,1.611836689
mars,1568018.5,317.1641648,-2.0080774,1.386021094
mars,1575323.5,180.2762351,1.6855608,1.633037539
mars,1582628.5,65.0560594,0.3117626,1.534360555
mars,1589933.5,274.9793949,-1.2720145,1.427979964
mars,1597238.5,149.9260028,2.0237693,1.662140999
mars,1604543.5,27.7869201,-0.9608947,1.449031142
mars,1611848.5,236.4395164,-0.0147814,1.509259321
mars,1619153.5,119.8186896,1.8170242,1.646004784
mars,1626458.5,346.4583832,-1.8941155,1.391999315
mars,1633763.5,202.0633925,1.1245293,1.592303540
mars,1641068.5,88.2938328,1.0852456,1.588282150
mars,1648373.5,303.3674312,-1.8662755,1.393697653
mars,1655678.5,170.6649598,1.8283959,1.648237909
mars,1662983.5,53.7343365,-0.0672309,1.504559190
mars,1670288.5,262.2118865,-0.9026544,1.453231429
mars,1677593.5,140.6043873,2.0050030,1.662193163
mars,1684898.5,14.9970254,-1.3062106,1.424449284
mars,1692203.5,225.1607783,0.3584197,1.539306251
mars,1699508.5,110.2209276,1.6422072,1.630746801
mars,1706813.5,332.6845976,-1.9902608,1.384915497
mars,1714118.5,191.9813420,1.3751753,1.615584067
mars,1721423.5,77.8367558,0.7712436,1.561388886
mars,1728728.5,289.8208486,-1.6335495,1.408237915
mars,1736033.5,161.2311269,1.9221793,1.658247001
mars,1743338.5,41.9137141,-0.4546448,1.474751619
mars,1750643.5,249.9287908,-0.5151192,1.481481558
mars,1757948.5,131.2494719,1.9399020,1.656579126
mars,1765253.5,1.7407857,-1.5966710,1.404330690
mars,1772558.5,214.3158748,0.6987919,1.568161947
mars,1779863.5,100.3740665,1.4235881,1.610791586
mars,1787168.5,318.7825713,-1.9798777,1.385481842
mars,1794473.5,182.1709004,1.5782100,1.635079423
mars,1801778.5,66.9403086,0.4244787,1.532420759
mars,1809083.5,276.6162882,-1.3307608,1.429250520
mars,1816388.5,151.8879833,1.9683123,1.663295592
mars,1823693.5,29.5729406,-0.8347646,1.446968937
mars,1830998.5,238.1808826,-0.1309782,1.511595145
mars,1838303.5,121.8059542,1.8293320,1.645872122
mars,1845608.5,348.1470418,-1.8098220,1.390504216
mars,1852913.5,203.9133637,0.9983705,1.594555620
mars,1860218.5,90.2378751,1.1635280,1.586714067
mars,1867523.5,304.9840571,-1.8652144,1.393511285
mars,1874828.5,172.5900988,1.7335252,1.649757226
mars,1882133.5,55.5744296,0.0538495,1.502205082
mars,1889438.5,263.8521130,-0.9822772,1.454789479
mars,1896743.5,142.5614808,1.9679400,1.662665140
mars,1904048.5,16.7099867,-1.1877166,1.422193267
mars,1911353.5,226.9056817,0.2353560,1.541758296
mars,1918658.5,112.1625633,1.6734549,1.630050377
mars,1925963.5,334.2878543,-1.9287547,1.383853986
mars,1933268.5,193.8329400,1.2550742,1.617839579
mars,1940573.5,79.7192631,0.8639049,1.559660263
mars,1947878.5,291.4155679,-1.6587643,1.409048066
mars,1955183.5,163.1546786,1.8419470,1.659716146
mars,1962488.5,43.7047293,-0.3294350,1.472607959
mars,1969793.5,251.6148040,-0.6127080,1.483648052
mars,1977098.5,133.2050947,1.9218181,1.656807107
mars,1984403.5,3.4260496,-1.4900226,1.402423328
mars,1991708.5,216.1108398,0.5719527,1.570498160
mars,1999013.5,102.3038820,1.4740834,1.609555863
mars,2006318.5,320.3706376,-1.9434607,1.384770605
mars,2013623.5,184.0427578,1.4667944,1.636856670
mars,2020928.5,68.7873943,0.5303298,1.530221067
mars,2028233.5,278.2051804,-1.3803355,1.430471660
mars,2035538.5,153.8037104,1.9043647,1.664150475
mars,2042843.5,31.3014096,-0.7100593,1.444514990
mars,2050148.5,239.8672324,-0.2410767,1.513945781
mars,2057453.5,123.7290584,1.8303835,1.645587960
mars,2064758.5,349.7516861,-1.7207360,1.388959662
mars,2072063.5,205.7087900,0.8727196,1.596965805
mars,2079368.5,92.1294471,1.2314806,1.585317189
mars,2086673.5,306.5488320,-1.8551187,1.393811748
mars,2093978.5,174.4743203,1.6331651,1.651551042
mars,2101283.5,57.3918200,0.1698512,1.500115525
mars,2108588.5,265.4897965,-1.0544280,1.456654404
mars,2115893.5,144.5019242,1.9213107,1.663300196
mars,2123198.5,18.4210898,-1.0673705,1.419984598
mars,2130503.5,228.6557753,0.1153555,1.544067446
mars,2137808.5,114.1040158,1.6946247,1.629229709
mars,2145113.5,335.8767278,-1.8603986,1.382598829
mars,2152418.5,195.6750764,1.1329061,1.619821291
mars,2159723.5,81.5990309,0.9488953,1.557732603
mars,2167028.5,292.9818815,-1.6749373,1.409774928
mars,2174333.5,165.0610648,1.7547054,1.660925182
mars,2181638.5,45.4772279,-0.2071457,1.470133744
mars,2188943.5,253.2751205,-0.7033339,1.485765778
mars,2196248.5,135.1398931,1.8934628,1.656954800
mars,2203553.5,5.0713761,-1.3804409,1.400500868
mars,2210858.5,217.8921483,0.4469012,1.572940802
mars,2218163.5,104.2247506,1.5143180,1.608559301
mars,2225468.5,321.9559708,-1.8991654,1.384480122
mars,2232773.5,185.9248235,1.3510632,1.638874974
mars,2240078.5,70.6553814,0.6302905,1.528385532
mars,2247383.5,279.8450500,-1.4226669,1.431898833
mars,2254688.5,155.7546896,1.8317682,1.665134779
mars,2261993.5,33.0763377,-0.5845304,1.442208235
mars,2269298.5,241.6183782,-0.3479454,1.516069927
mars,2276603.5,125.6938088,1.8216441,1.645182262
mars,2283908.5,351.3991548,-1.6256387,1.387216273
mars,2291213.5,207.5510761,0.7456926,1.598987855
mars,2298518.5,94.0559812,1.2912452,1.583782943
mars,2305823.5,308.1454685,-1.8367723,1.393953925
mars,2313128.5,176.3828479,1.5269260,1.653019360
mars,2320433.5,59.2323045,0.2818347,1.497827636
mars,2327738.5,267.1582039,-1.1197272,1.458391246
mars,2335043.5,146.4501456,1.8652488,1.663856122
mars,2342348.5,20.1461041,-0.9453161,1.417851646
mars,2349653.5,230.4323560,-0.0018908,1.546389081
mars,2356958.5,116.0610621,1.7054687,1.628690332
mars,2364263.5,337.5156067,-1.7850070,1.381768024
mars,2371568.5,197.5506102,1.0079114,1.621998626
mars,2378873.5,83.5251088,1.0268298,1.556252765
mars,2386178.5,294.6353549,-1.6835404,1.410695836
mars,2393483.5,167.0152514,1.6599884,1.662247102
mars,2400788.5,47.3219116,-0.0858093,1.467875533
mars,2408093.5,255.0148884,-0.7892484,1.487616368
mars,2415398.5,137.1258518,1.8556141,1.656972810
mars,2422703.5,6.7759597,-1.2663850,1.398424881
mars,2430008.5,219.7177981,0.3227216,1.574974023
mars,2437313.5,106.1876982,1.5453923,1.607407453
mars,2444618.5,323.5706442,-1.8469078,1.384047293
mars,2451923.5,187.8200773,1.2316724,1.640602160
mars,2459228.5,72.5416772,0.7236680,1.526303464
mars,2466533.5,281.4929159,-1.4563700,1.433179564
mars,2473838.5,157.7037934,1.7511295,1.666071311
mars,2481143.5,34.8415343,-0.4608420,1.439966070
mars,2488448.5,243.3614595,-0.4488247,1.518278149
mars,2495753.5,127.6609242,1.8024533,1.645028629
mars,2503058.5,353.0547208,-1.5256502,1.385926103
mars,2510363.5,209.3966862,0.6189816,1.601344822
mars,2517668.5,95.9972264,1.3415307,1.582573244
mars,2524973.5,309.7789534,-1.8098781,1.394352244
mars,2532278.5,178.3173258,1.4153706,1.654654106
mars,2539583.5,61.0914783,0.3885032,1.495639259
mars,2546888.5,268.8579604,-1.1773033,1.459969887
mars,2554193.5,148.4196158,1.8004771,1.664232893
mars,2561498.5,21.8637811,-0.8229788,1.415510259
mars,2568803.5,232.2116970,-0.1146429,1.548437352
mars,2576108.5,118.0127020,1.7058757,1.627844236
mars,2583413.5,339.1198932,-1.7033666,1.380801850
mars,2590718.5,199.4020862,0.8825020,1.623965740
mars,2598023.5,85.4097276,1.0947292,1.554344657
mars,2605328.5,296.2419942,-1.6822522,1.411523362
mars,2612633.5,168.9239071,1.5595493,1.663527678
mars,2619938.5,49.0927288,0.0288573,1.465533855
mars,2627243.5,256.6984247,-0.8659194,1.489676633
mars,2634548.5,139.0633690,1.8078919,1.657172682
mars,2641853.5,8.4272101,-1.1513130,1.396730792
mars,2649158.5,221.5033716,0.2025655,1.577446191
mars,2656463.5,108.1156127,1.5654391,1.606476637
mars,2663768.5,325.1731520,-1.7869265,1.383968237
mars,2671073.5,189.6994603,1.1100246,1.642546850
mars,2678378.5,74.4040052,0.8084253,1.524212310
mars,2685683.5,283.1362117,-1.4806776,1.434427227
mars,2692988.5,159.6351112,1.6635480,1.666825848
mars,2700293.5,36.5673070,-0.3406948,1.437424703
mars,2707598.5,245.0736087,-0.5422398,1.520261087
mars,2714903.5,129.5959734,1.7731462,1.644551298
mars,2722208.5,354.6515560,-1.4223276,1.384503768
mars,2729513.5,211.1890931,0.4951163,1.603538109
mars,2736818.5,97.8874535,1.3807586,1.580922334
mars,2744123.5,311.3460864,-1.7738615,1.394669175
mars,2751428.5,180.1886176,1.3007795,1.656283717
mars,2758733.5,62.8792810,0.4862373,1.493301223
mars,2766038.5,270.4856875,-1.2243312,1.461747554
mars,2773343.5,150.3427236,1.7274701,1.664822248
mars,2780648.5,23.5275603,-0.7026976,1.413505407
mars,2787953.5,233.9491603,-0.2210936,1.550925651
mars,2795258.5,119.9455205,1.6956494,1.627258792
mars,2802563.5,340.7148279,-1.6159021,1.380204695
mars,2809868.5,201.2521962,0.7570261,1.626146712
jupiter,625673.5,236.9303750,0.8946540,5.329823948
jupiter,632978.5,131.4030540,0.8823814,5.319728698
jupiter,640283.5,15.3885121,-1.4407132,5.001258669
jupiter,647588.5,257.1793561,0.4359666,5.264646296
jupiter,654893.5,151.2934699,1.2263896,5.372788766
jupiter,662198.5,37.9872375,-1.2216001,5.026770130
jupiter,669503.5,277.9126828,-0.0871613,5.190573593
jupiter,676808.5,170.8106910,1.4213574,5.404849085
jupiter,684113.5,60.1764629,-0.8251153,5.076943384
jupiter,691418.5,299.1857054,-0.6098236,5.117063545
jupiter,698723.5,190.1230663,1.4537520,5.412567566
jupiter,706028.5,81.7900439,-0.3225538,5.143874845
jupiter,713333.5,320.9873775,-1.0573423,5.054174995
jupiter,720638.5,209.4145724,1.3236071,5.395153258
jupiter,727943.5,102.7660513,0.2074980,5.217901971
jupiter,735248.5,343.2195959,-1.3569263,5.011064744
jupiter,742553.5,228.8778675,1.0430805,5.354352608
jupiter,749858.5,123.1365398,0.6949539,5.289306474
jupiter,757163.5,5.7110579,-1.4548196,4.994416953
jupiter,764468.5,248.6979272,0.6368176,5.294417114
jupiter,771773.5,143.0056281,1.0859091,5.349277098
jupiter,779078.5,28.2398396,-1.3320112,5.006963788
jupiter,786383.5,269.0363360,0.1437808,5.221828587
jupiter,793688.5,162.5243582,1.3437058,5.390972078
jupiter,800993.5,50.5690136,-1.0111322,5.046869670
jupiter,808298.5,290.0097457,-0.3809318,5.145169526
jupiter,815603.5,181.8665151,1.4469785,5.409693189
jupiter,822908.5,72.5051021,-0.5497614,5.108145549
jupiter,830213.5,311.6594767,-0.8673354,5.074596206
jupiter,837518.5,201.2146852,1.3876566,5.403099584
jupiter,844823.5,93.9266350,-0.0237974,5.181867439
jupiter,852128.5,333.9258852,-1.2383920,5.020314454
jupiter,859433.5,220.7501829,1.1701312,5.371531103
jupiter,866738.5,114.7907706,0.4903743,5.257759566
jupiter,874043.5,356.6391335,-1.4261898,4.991022577
jupiter,881348.5,240.6402450,0.8122220,5.318031062
jupiter,888653.5,135.1335191,0.9287046,5.325924295
jupiter,895958.5,19.5358915,-1.3923279,4.991945511
jupiter,903263.5,261.0270259,0.3472183,5.248372546
jupiter,910568.5,155.0484858,1.2449238,5.378066798
jupiter,917873.5,42.3123681,-1.1423476,5.023150379
jupiter,925178.5,282.0101768,-0.1741698,5.170937699
jupiter,932483.5,174.6661044,1.4106871,5.408080920
jupiter,939788.5,64.6920064,-0.7246856,5.079663619
jupiter,947093.5,303.6202478,-0.6844557,5.095908757
jupiter,954398.5,194.1424995,1.4137049,5.412599509
jupiter,961703.5,86.4803541,-0.2145074,5.152794056
jupiter,969008.5,325.7993106,-1.1062179,5.034071571
jupiter,976313.5,213.6425815,1.2557078,5.391191389
jupiter,983618.5,107.5901029,0.3079115,5.231750896
jupiter,990923.5,348.3919628,-1.3666992,4.994965370
jupiter,998228.5,233.3325034,0.9515823,5.346134236
jupiter,1005533.5,128.0356033,0.7736218,5.305974310
jupiter,1012838.5,11.1540752,-1.4173277,4.984889227
jupiter,1020143.5,253.3679138,0.5298791,5.282403640
jupiter,1027448.5,147.9100999,1.1323493,5.366522992
jupiter,1034753.5,33.8062197,-1.2496780,5.005465469
jupiter,1042058.5,273.8782162,0.0339771,5.207533230
jupiter,1049363.5,167.3620168,1.3527468,5.406609673
jupiter,1056668.5,56.0934648,-0.8979459,5.053319769
jupiter,1063973.5,294.9524478,-0.4778300,5.130751991
jupiter,1071278.5,186.5739488,1.4192813,5.422123163
jupiter,1078583.5,77.8328558,-0.4268776,5.121018619
jupiter,1085888.5,316.6133229,-0.9354402,5.062317985
jupiter,1093193.5,205.7444535,1.3290917,5.411588819
jupiter,1100498.5,98.9455944,0.0876062,5.198794961
jupiter,1107803.5,338.7961133,-1.2661678,5.012249382
jupiter,1115108.5,225.0789553,1.0903375,5.375966033
jupiter,1122413.5,119.4482982,0.5750279,5.276333548
jupiter,1129718.5,1.3454866,-1.4104038,4.988398485
jupiter,1137023.5,244.7739891,0.7226279,5.318839263
jupiter,1144328.5,139.4271140,0.9792264,5.344050184
jupiter,1151633.5,24.0287200,-1.3390560,4.994877629
jupiter,1158938.5,264.9991968,0.2593329,5.246280556
jupiter,1166243.5,159.0198022,1.2608422,5.394082040
jupiter,1173548.5,46.5802986,-1.0644420,5.031139432
jupiter,1180853.5,285.8802941,-0.2500608,5.166754741
jupiter,1188158.5,178.3898554,1.3959695,5.420797817
jupiter,1195463.5,68.7621260,-0.6372135,5.091678392
jupiter,1202768.5,307.4694191,-0.7399122,5.090589977
jupiter,1210073.5,197.7117261,1.3741472,5.421054535
jupiter,1217378.5,90.4079320,-0.1308581,5.167431009
jupiter,1224683.5,329.7150485,-1.1344415,5.028709513
jupiter,1231988.5,217.1652083,1.1971884,5.394437205
jupiter,1239293.5,111.4447286,0.3777225,5.247674666
jupiter,1246598.5,352.4546841,-1.3627039,4.990934582
jupiter,1253903.5,236.9201417,0.8794995,5.343544173
jupiter,1261208.5,131.8886412,0.8228280,5.321674767
jupiter,1268513.5,15.4251436,-1.3788840,4.983638332
jupiter,1275818.5,257.1278831,0.4496608,5.273747607
jupiter,1283123.5,151.8263293,1.1565788,5.380294117
jupiter,1290428.5,38.3079459,-1.1789710,5.008151287
jupiter,1297733.5,277.9047395,-0.0475849,5.193205090
jupiter,1305038.5,171.3906751,1.3493285,5.416820788
jupiter,1312343.5,60.8066537,-0.8030180,5.060456520
jupiter,1319648.5,299.3049059,-0.5510222,5.112264787
jupiter,1326953.5,190.7439917,1.3873258,5.427265204
jupiter,1334258.5,82.7065620,-0.3209537,5.132168034
jupiter,1341563.5,321.3024954,-0.9876557,5.042121982
jupiter,1348868.5,210.0646824,1.2700219,5.410588004
jupiter,1356173.5,103.9013266,0.1887468,5.212504752
jupiter,1363478.5,343.7735270,-1.2845639,4.993254593
jupiter,1370783.5,229.5341753,1.0087360,5.368570869
jupiter,1378088.5,124.3975958,0.6566888,5.290590427
jupiter,1385393.5,6.5007149,-1.3869951,4.973408863
jupiter,1392698.5,249.3296284,0.6267922,5.305667875
jupiter,1400003.5,144.2898471,1.0310141,5.356818425
jupiter,1407308.5,29.2159557,-1.2755848,4.985701006
jupiter,1414613.5,269.6110586,0.1608176,5.228930614
jupiter,1421918.5,163.7293430,1.2780879,5.403695136
jupiter,1429223.5,51.6528646,-0.9730228,5.028098698
jupiter,1436528.5,290.4967737,-0.3377033,5.147410242
jupiter,1443833.5,182.9054246,1.3796800,5.426275809
jupiter,1451138.5,73.6047310,-0.5360462,5.094043714
jupiter,1458443.5,312.0426526,-0.8036483,5.071690818
jupiter,1465748.5,202.0234967,1.3297339,5.422231328
jupiter,1473053.5,94.9577670,-0.0377300,5.173776275
jupiter,1480358.5,334.2125334,-1.1648255,5.012606649
jupiter,1487663.5,221.2910883,1.1326565,5.391698649
jupiter,1494968.5,115.6924186,0.4500911,5.256427507
jupiter,1502273.5,356.8568487,-1.3560287,4.979381945
jupiter,1509578.5,240.9072301,0.8037502,5.337519089
jupiter,1516883.5,135.8682626,0.8680891,5.331565154
jupiter,1524188.5,19.7308152,-1.3380873,4.977817693
jupiter,1531493.5,261.0457747,0.3714089,5.265390651
jupiter,1538798.5,155.6010698,1.1736031,5.390211533
jupiter,1546103.5,42.5366612,-1.1124668,5.008672827
jupiter,1553408.5,281.8378850,-0.1201154,5.183507051
jupiter,1560713.5,175.0411459,1.3400566,5.425726234
jupiter,1568018.5,64.9878391,-0.7222074,5.067172782
jupiter,1575323.5,303.3469214,-0.6098212,5.102310887
jupiter,1582628.5,194.3589791,1.3549237,5.434180617
jupiter,1589933.5,86.8752101,-0.2377831,5.144366483
jupiter,1597238.5,325.5360996,-1.0243760,5.033454883
jupiter,1604543.5,213.7327526,1.2179478,5.414424370
jupiter,1611848.5,108.0942927,0.2635552,5.228991112
jupiter,1619153.5,348.2569152,-1.2911106,4.987588099
jupiter,1626458.5,233.3388006,0.9406465,5.368432965
jupiter,1633763.5,128.6417735,0.7143514,5.309526445
jupiter,1641068.5,11.2526200,-1.3576747,4.972335281
jupiter,1648373.5,253.3392926,0.5473841,5.301116017
jupiter,1655678.5,148.5994754,1.0649978,5.376007866
jupiter,1662983.5,34.2003637,-1.2104324,4.990446206
jupiter,1670288.5,273.8680386,0.0771791,5.220173328
jupiter,1677593.5,168.1038720,1.2843878,5.420924197
jupiter,1684898.5,56.7907452,-0.8799057,5.038771957
jupiter,1692203.5,295.0104605,-0.4154193,5.135678494
jupiter,1699508.5,187.3264808,1.3572109,5.439526310
jupiter,1706813.5,78.7895606,-0.4295137,5.109456906
jupiter,1714118.5,316.7753392,-0.8627244,5.058960500
jupiter,1721423.5,206.4602522,1.2807208,5.429975361
jupiter,1728728.5,100.0752420,0.0649580,5.191870711
jupiter,1736033.5,339.0817196,-1.1930776,5.001126671
jupiter,1743338.5,225.7047476,1.0627680,5.393344074
jupiter,1750643.5,120.6456180,0.5339049,5.274650424
jupiter,1757948.5,1.7521078,-1.3465557,4.971160822
jupiter,1765253.5,245.2590257,0.7216457,5.333301196
jupiter,1772558.5,140.5898476,0.9234294,5.347476805
jupiter,1779863.5,24.5310894,-1.2927861,4.973825986
jupiter,1787168.5,265.3088577,0.2876216,5.256132701
jupiter,1794473.5,160.0578486,1.1970661,5.402073701
jupiter,1801778.5,47.1443884,-1.0418930,5.008788248
jupiter,1809083.5,286.0007511,-0.1946938,5.170658456
jupiter,1816388.5,179.2375922,1.3335310,5.432489841
jupiter,1823693.5,69.3525020,-0.6413687,5.070601584
jupiter,1830998.5,307.4187827,-0.6656222,5.087540846
jupiter,1838303.5,198.3323473,1.3235467,5.435425319
jupiter,1845608.5,90.9915684,-0.1609550,5.149829806
jupiter,1852913.5,329.5512373,-1.0545023,5.018337014
jupiter,1860218.5,217.5467943,1.1681238,5.410230572
jupiter,1867523.5,111.9997651,0.3261949,5.235309061
jupiter,1874828.5,352.2609555,-1.2919420,4.973896239
jupiter,1882133.5,237.0788966,0.8787642,5.359077573
jupiter,1889438.5,132.4030422,0.7572438,5.315768314
jupiter,1896743.5,15.2968620,-1.3292079,4.961718896
jupiter,1904048.5,257.1073180,0.4792563,5.287154474
jupiter,1911353.5,152.2936734,1.0858884,5.381262949
jupiter,1918658.5,38.3348004,-1.1561946,4.984244266
jupiter,1925963.5,277.7708237,0.0086011,5.202479901
jupiter,1933268.5,171.8135834,1.2828298,5.424280025
jupiter,1940573.5,61.0467075,-0.8068329,5.038001460
jupiter,1947878.5,299.1480729,-0.4774330,5.115628417
jupiter,1955183.5,191.1304462,1.3334668,5.440121218
jupiter,1962488.5,83.1804167,-0.3472597,5.114322740
jupiter,1969793.5,321.2278893,-0.9090854,5.038707889
jupiter,1977098.5,210.4244920,1.2355278,5.426974457
jupiter,1984403.5,104.5978628,0.1454355,5.201675002
jupiter,1991708.5,343.8815415,-1.2130553,4.983350791
jupiter,1999013.5,229.8810404,0.9979315,5.386168323
jupiter,2006318.5,125.2760084,0.6017859,5.287958732
jupiter,2013623.5,6.8689149,-1.3310393,4.958558808
jupiter,2020928.5,249.6748541,0.6411785,5.322094660
jupiter,2028233.5,145.2899670,0.9698078,5.362286502
jupiter,2035538.5,29.8764800,-1.2391642,4.968579276
jupiter,2042843.5,269.9603183,0.1988956,5.241886591
jupiter,2050148.5,164.7806526,1.2162482,5.416268747
jupiter,2057453.5,52.5800807,-0.9571140,5.011545673
jupiter,2064758.5,290.8532291,-0.2806407,5.155117977
jupiter,2072063.5,183.9296043,1.3236723,5.444343109
jupiter,2079368.5,74.7263199,-0.5405848,5.080444373
jupiter,2086673.5,312.4014018,-0.7352568,5.073189663
jupiter,2093978.5,202.9423927,1.2868818,5.443765368
jupiter,2101283.5,96.1748534,-0.0621339,5.164853447
jupiter,2108588.5,334.5663623,-1.0952117,5.007652554
jupiter,2115893.5,222.0350442,1.1104314,5.414716051
jupiter,2123198.5,116.9001610,0.4078392,5.252953145
jupiter,2130503.5,357.2045967,-1.2963828,4.968577037
jupiter,2137808.5,241.4209892,0.8082781,5.360037023
jupiter,2145113.5,136.9765537,0.8126351,5.333662001
jupiter,2152418.5,20.0738994,-1.2983750,4.962590133
jupiter,2159723.5,261.2996664,0.4054058,5.285277440
jupiter,2167028.5,156.5431687,1.1124200,5.397709405
jupiter,2174333.5,42.8831065,-1.0991096,4.990933193
jupiter,2181638.5,281.8354291,-0.0594101,5.198760968
jupiter,2188943.5,175.7754330,1.2826230,5.438001673
jupiter,2196248.5,65.3513019,-0.7366382,5.049279408
jupiter,2203553.5,303.1276076,-0.5315405,5.111083194
jupiter,2210858.5,194.8691696,1.3111722,5.450187717
jupiter,2218163.5,87.2647441,-0.2767651,5.128770962
jupiter,2225468.5,325.1813077,-0.9428584,5.034255694
jupiter,2232773.5,214.0244300,1.1964397,5.432768136
jupiter,2240078.5,108.5162091,0.2066125,5.217736903
jupiter,2247383.5,347.8784597,-1.2219672,4.980130840
jupiter,2254688.5,233.4369917,0.9468599,5.387123974
jupiter,2261993.5,129.0997881,0.6477260,5.304088782
jupiter,2269298.5,10.9717089,-1.3126952,4.957694461
jupiter,2276603.5,253.2907786,0.5822466,5.317716102
jupiter,2283908.5,149.0914632,0.9971781,5.377075246
jupiter,2291213.5,34.1280807,-1.1941693,4.970995258
jupiter,2298518.5,273.7365929,0.1363918,5.232223046
jupiter,2305823.5,168.6269447,1.2232426,5.428179625
jupiter,2313128.5,56.9996158,-0.8899834,5.017939133
jupiter,2320433.5,294.8751206,-0.3409656,5.140970735
jupiter,2327738.5,187.8759949,1.3094017,5.451901135
jupiter,2335043.5,79.3002027,-0.4598994,5.090671883
jupiter,2342348.5,316.7274794,-0.7851341,5.056099079
jupiter,2349653.5,207.0262508,1.2513747,5.445785568
jupiter,2356958.5,100.8643073,0.0207878,5.177849797
jupiter,2364263.5,339.2024380,-1.1241839,4.990151716
jupiter,2371568.5,226.2738594,1.0553198,5.410458363
jupiter,2378873.5,121.6517760,0.4813410,5.267124048
jupiter,2386178.5,2.0965761,-1.2950742,4.953493087
jupiter,2393483.5,245.8124304,0.7375795,5.349585882
jupiter,2400788.5,141.7270532,0.8670395,5.346981469
jupiter,2408093.5,25.1174957,-1.2631432,4.952081039
jupiter,2415398.5,265.8198440,0.3261170,5.269675638
jupiter,2422703.5,161.2324401,1.1416903,5.408263815
jupiter,2430008.5,47.9389494,-1.0351055,4.986117455
jupiter,2437313.5,286.4433410,-0.1374670,5.179845661
jupiter,2444618.5,180.3553471,1.2849824,5.444557296
jupiter,2451923.5,70.2853532,-0.6566079,5.049935984
jupiter,2459228.5,307.7738432,-0.5971010,5.091331547
jupiter,2466533.5,199.3072519,1.2886752,5.452169782
jupiter,2473838.5,91.9809152,-0.1959567,5.133578438
jupiter,2481143.5,329.8109475,-0.9854896,5.016219807
jupiter,2488448.5,218.3121204,1.1539421,5.430297893
jupiter,2495753.5,112.9627872,0.2753752,5.225158174
jupiter,2503058.5,352.4410575,-1.2349561,4.965925342
jupiter,2510363.5,237.5894066,0.8908176,5.380909330
jupiter,2517668.5,133.2730960,0.6967592,5.312681956
jupiter,2524973.5,15.4353157,-1.2951778,4.948875974
jupiter,2532278.5,257.3441693,0.5196427,5.308805157
jupiter,2539583.5,153.0266242,1.0238718,5.385701829
jupiter,2546888.5,38.4774247,-1.1511237,4.968247744
jupiter,2554193.5,277.7498315,0.0740384,5.221701381
jupiter,2561498.5,172.3821533,1.2283397,5.436043261
jupiter,2568803.5,61.2407567,-0.8303736,5.021208032
jupiter,2576108.5,298.9190405,-0.3963380,5.130104064
jupiter,2583413.5,191.5247637,1.2952458,5.458244988
jupiter,2590718.5,83.4614984,-0.3938093,5.099477981
jupiter,2598023.5,320.8750353,-0.8266082,5.046345702
jupiter,2605328.5,210.6504526,1.2206229,5.449895456
jupiter,2612633.5,104.9812800,0.0841765,5.191135469
jupiter,2619938.5,343.5206718,-1.1447032,4.983016398
jupiter,2627243.5,229.9562566,1.0104190,5.411599184
jupiter,2634548.5,125.7624423,0.5346474,5.283371648
jupiter,2641853.5,6.6238861,-1.2883953,4.950602891
jupiter,2649158.5,249.6304322,0.6811274,5.347146351
jupiter,2656463.5,145.8668469,0.9047901,5.364507141
jupiter,2663768.5,29.8531737,-1.2263799,4.954773517
jupiter,2671073.5,269.8387756,0.2618144,5.263586733
jupiter,2678378.5,165.4238141,1.1600603,5.425024080
jupiter,2685683.5,52.8462597,-0.9710922,4.994818452
jupiter,2692988.5,290.7054594,-0.2035774,5.170711029
jupiter,2700293.5,184.6076362,1.2817999,5.458527417
jupiter,2707598.5,75.2914912,-0.5744099,5.064039772
jupiter,2714903.5,312.2835721,-0.6558990,5.080525256
jupiter,2722208.5,203.6152535,1.2637177,5.461764870
jupiter,2729513.5,96.9969670,-0.1086353,5.151384876
jupiter,2736818.5,334.5301726,-1.0260216,5.005881351
jupiter,2744123.5,222.6557493,1.1093310,5.434453651
jupiter,2751428.5,117.9033172,0.3545883,5.244189734
jupiter,2758733.5,357.2867021,-1.2476684,4.958139000
jupiter,2766038.5,241.9410469,0.8311489,5.379317597
jupiter,2773343.5,138.0645287,0.7575912,5.330445739
jupiter,2780648.5,20.2911282,-1.2762627,4.945038412
jupiter,2787953.5,261.6715615,0.4518912,5.302043762
jupiter,2795258.5,157.6191113,1.0606798,5.400022462
jupiter,2802563.5,43.2283571,-1.1049413,4.968799004
jupiter,2809868.5,282.0250667,0.0067411,5.210969291
saturn,625673.5,165.0232286,1.4162182,9.591438051
saturn,632978.5,37.2531168,-2.2442517,8.946681027
saturn,640283.5,280.7971124,0.9508714,10.089376234
saturn,647588.5,177.6496003,1.7692201,9.732132563
saturn,654893.5,52.2553687,-2.1575384,8.895277567
saturn,662198.5,292.7315245,0.5061053,9.985131701
saturn,669503.5,190.0839482,2.0327381,9.862731511
saturn,676808.5,67.5661269,-1.9141198,8.880260171
saturn,684113.5,305.0857365,0.0205562,9.857503115
saturn,691418.5,202.3544573,2.1980614,9.976435499
saturn,698723.5,83.0225377,-1.5269175,8.904635353
saturn,706028.5,317.8898268,-0.4852436,9.712949957
saturn,713333.5,214.5123325,2.2611704,10.069350855
saturn,720638.5,98.4880226,-1.0253325,8.970426127
saturn,727943.5,331.1879155,-0.9859780,9.557709259
saturn,735248.5,226.5765556,2.2213928,10.136733739
saturn,742553.5,113.7591293,-0.4533696,9.069706786
saturn,749858.5,344.9825193,-1.4492811,9.398050148
saturn,757163.5,238.5486709,2.0823088,10.175332321
saturn,764468.5,128.6589865,0.1386251,9.196281794
saturn,771773.5,359.1916717,-1.8385511,9.246576575
saturn,779078.5,250.4427262,1.8518134,10.184352854
saturn,786383.5,143.0937026,0.7055378,9.342079705
saturn,793688.5,13.7618685,-2.1195015,9.111213057
saturn,800993.5,262.2816867,1.5404679,10.163262582
saturn,808298.5,156.9553381,1.2097922,9.494116866
saturn,815603.5,28.5757860,-2.2631717,8.999160618
saturn,822908.5,274.0869806,1.1618297,10.113737192
saturn,830213.5,170.2417139,1.6275566,9.644510318
saturn,837518.5,43.5093358,-2.2531508,8.920123227
saturn,844823.5,285.9058434,0.7308439,10.038889803
saturn,852128.5,183.0053075,1.9467921,9.786240318
saturn,859433.5,58.4798874,-2.0871818,8.875990754
saturn,866738.5,297.8198425,0.2626137,9.941201667
saturn,874043.5,195.2897603,2.1623576,9.911570798
saturn,881348.5,73.3630562,-1.7780447,8.867839505
saturn,888653.5,309.8851698,-0.2249296,9.825339150
saturn,895958.5,207.2059113,2.2754128,10.017412699
saturn,903263.5,88.1038015,-1.3504660,8.898034167
saturn,910568.5,322.1967268,-0.7135208,9.696226775
saturn,917873.5,218.8598212,2.2892144,10.100665107
saturn,925178.5,102.6505146,-0.8374118,8.960646838
saturn,932483.5,334.8666679,-1.1822882,9.556960348
saturn,939788.5,230.3422832,2.2080463,10.158019066
saturn,947093.5,116.9464565,-0.2775094,9.052256088
saturn,954398.5,347.9407350,-1.6054166,9.415687215
saturn,961703.5,241.7659184,2.0370820,10.188715303
saturn,969008.5,131.0170349,0.2928109,9.169875684
saturn,976313.5,1.5147654,-1.9555573,9.278193794
saturn,983618.5,253.2313222,1.7815098,10.191167703
saturn,990923.5,144.8241723,0.8373731,9.303927644
saturn,998228.5,15.6248919,-2.2016142,9.150148498
saturn,1005533.5,264.8185377,1.4481167,10.164574772
saturn,1012838.5,158.3747339,1.3253968,9.448840842
saturn,1020143.5,30.2497499,-2.3141211,9.042681144
saturn,1027448.5,276.6065810,1.0457972,10.109887484
saturn,1034753.5,171.6983758,1.7332121,9.598370426
saturn,1042058.5,45.3580407,-2.2700298,8.962167130
saturn,1049363.5,288.6678365,0.5860806,10.027864773
saturn,1056668.5,184.7620208,2.0416854,9.742739982
saturn,1063973.5,60.8035084,-2.0594348,8.914617546
saturn,1071278.5,301.0297005,0.0862049,9.921472577
saturn,1078583.5,197.5769122,2.2400738,9.875935297
saturn,1085888.5,76.4166800,-1.6918432,8.907379825
saturn,1093193.5,313.7154581,-0.4322946,9.795962027
saturn,1100498.5,210.1479210,2.3243762,9.991918314
saturn,1107803.5,92.0060587,-1.1964525,8.938886741
saturn,1115108.5,326.7490751,-0.9435132,9.655999193
saturn,1122413.5,222.4561291,2.2965088,10.083952870
saturn,1129718.5,107.3364734,-0.6197651,9.006181561
saturn,1137023.5,340.0811280,-1.4160492,9.510141660
saturn,1144328.5,234.5250429,2.1641450,10.149407040
saturn,1151633.5,122.2773206,-0.0122943,9.105888528
saturn,1158938.5,353.7062262,-1.8193440,9.366474228
saturn,1166243.5,246.3852982,1.9380239,10.186278812
saturn,1173548.5,136.7019886,0.5776694,9.226531683
saturn,1180853.5,7.6034426,-2.1233524,9.230675111
saturn,1188158.5,258.0752832,1.6312128,10.193291616
saturn,1195463.5,150.5605554,1.1115460,9.360393767
saturn,1202768.5,21.7094378,-2.3027901,9.112701234
saturn,1210073.5,269.6624368,1.2576220,10.172148094
saturn,1217378.5,163.9013469,1.5648149,9.500998532
saturn,1224683.5,36.0231045,-2.3402606,9.017760214
saturn,1231988.5,281.2392569,0.8305414,10.123992513
saturn,1239293.5,176.7484531,1.9213499,9.638563727
saturn,1246598.5,50.4959461,-2.2272401,8.949403105
saturn,1253903.5,292.8914578,0.3644011,10.050633607
saturn,1261208.5,189.1922040,2.1738473,9.768293857
saturn,1268513.5,65.0848922,-1.9668883,8.914013179
saturn,1275818.5,304.7203000,-0.1258181,9.955651107
saturn,1283123.5,201.3436879,2.3203423,9.886096484
saturn,1290428.5,79.7749894,-1.5730154,8.911911325
saturn,1297733.5,316.8511636,-0.6239452,9.841270031
saturn,1305038.5,213.2743914,2.3608888,9.985998533
saturn,1312343.5,94.4844106,-1.0720697,8.942967319
saturn,1319648.5,329.3583460,-1.1085303,9.711836405
saturn,1326953.5,225.0879260,2.2981597,10.065516494
saturn,1334258.5,109.1775012,-0.4985159,9.008639659
saturn,1341563.5,342.3365465,-1.5552917,9.573140246
saturn,1348868.5,236.8679109,2.1359762,10.121832707
saturn,1356173.5,123.7840638,0.1066931,9.102644004
saturn,1363478.5,355.8648031,-1.9347955,9.429639903
saturn,1370783.5,248.6668442,1.8804162,10.151405339
saturn,1378088.5,138.2087577,0.6991800,9.220347479
saturn,1385393.5,9.9221719,-2.2135276,9.291138223
saturn,1392698.5,260.5379958,1.5403796,10.153627530
saturn,1400003.5,152.4128096,1.2401120,9.356784429
saturn,1407308.5,24.5028100,-2.3600477,9.165883958
saturn,1414613.5,272.5236256,1.1274497,10.127799796
saturn,1421918.5,166.2995813,1.6957689,9.500912337
saturn,1429223.5,39.5109051,-2.3489804,9.061133222
saturn,1436528.5,284.6359659,0.6577921,10.074161157
saturn,1443833.5,179.8162330,2.0430663,9.645291387
saturn,1451138.5,54.7822056,-2.1699706,8.987065652
saturn,1458443.5,296.8874073,0.1510416,9.995963542
saturn,1465748.5,192.9523515,2.2707566,9.782945982
saturn,1473053.5,70.1723744,-1.8309076,8.947753943
saturn,1480358.5,309.3067060,-0.3710467,9.896315015
saturn,1487663.5,205.6773534,2.3760844,9.904913218
saturn,1494968.5,85.4779890,-1.3596496,8.944248127
saturn,1502273.5,321.8900165,-0.8829233,9.779625204
saturn,1509578.5,218.0242471,2.3643979,10.006953496
saturn,1516883.5,100.5467170,-0.7978207,8.977748774
saturn,1524188.5,334.6616855,-1.3591122,9.652536968
saturn,1531493.5,230.0485347,2.2453390,10.086062999
saturn,1538798.5,115.2851810,-0.1918533,9.042063726
saturn,1546103.5,347.6784564,-1.7742843,9.519680135
saturn,1553408.5,241.8041404,2.0308218,10.138501017
saturn,1560713.5,129.5997875,0.4112303,9.131382896
saturn,1568018.5,0.9324318,-2.1019547,9.388218767
saturn,1575323.5,253.3799599,1.7336616,10.164282123
saturn,1582628.5,143.5023929,0.9738213,9.241605306
saturn,1589933.5,14.4811244,-2.3191886,9.264804237
saturn,1597238.5,264.8746799,1.3659953,10.163336985
saturn,1604543.5,156.9993086,1.4662283,9.363021082
saturn,1611848.5,28.3626911,-2.4051185,9.153756907
saturn,1619153.5,276.3781441,0.9406371,10.135070875
saturn,1626458.5,170.1263434,1.8669205,9.490252138
saturn,1633763.5,42.5541922,-2.3449284,9.063276518
saturn,1641068.5,287.9896445,0.4709297,10.081573671
saturn,1648373.5,182.9691127,2.1633787,9.618708606
saturn,1655678.5,57.0823217,-2.1318443,8.998134380
saturn,1662983.5,299.8228019,-0.0292141,10.003986507
saturn,1670288.5,195.5670808,2.3473968,9.740401118
saturn,1677593.5,71.8962704,-1.7708027,8.961840639
saturn,1684898.5,311.9556451,-0.5415984,9.904024313
saturn,1692203.5,207.9859471,2.4158988,9.851344501
saturn,1699508.5,86.9119971,-1.2814418,8.959962515
saturn,1706813.5,324.4646020,-1.0447026,9.786221785
saturn,1714118.5,220.2896645,2.3698137,9.947516549
saturn,1721423.5,102.0551003,-0.6962148,8.992131219
saturn,1728728.5,337.4301917,-1.5130908,9.654372476
saturn,1736033.5,232.4977121,2.2136163,10.022960790
saturn,1743338.5,117.1642663,-0.0616349,9.056502670
saturn,1750643.5,350.8411684,-1.9149893,9.514907014
saturn,1757948.5,244.6426932,1.9561120,10.075304505
saturn,1765253.5,132.1098258,0.5718227,9.151213132
saturn,1772558.5,4.6958890,-2.2185611,9.376281531
saturn,1779863.5,256.7449874,1.6094747,10.102545740
saturn,1787168.5,146.7591020,1.1562879,9.266910287
saturn,1794473.5,18.9636357,-2.3934869,9.245103508
saturn,1801778.5,268.8038881,1.1901043,10.102314936
saturn,1809083.5,160.9845736,1.6517748,9.395950895
saturn,1816388.5,33.5103633,-2.4170087,9.131184525
saturn,1823693.5,280.8330085,0.7171658,10.075993708
saturn,1830998.5,174.7443240,2.0337804,9.531478302
saturn,1838303.5,48.2590359,-2.2794045,9.041480889
saturn,1845608.5,292.8684852,0.2104513,10.025140492
saturn,1852913.5,188.0009016,2.2901668,9.662893039
saturn,1860218.5,63.0962524,-1.9858158,8.979659857
saturn,1867523.5,304.9356600,-0.3082148,9.951405358
saturn,1874828.5,200.7768009,2.4196599,9.784607993
saturn,1882133.5,77.8863028,-1.5578003,8.950678885
saturn,1889438.5,317.0842792,-0.8172053,9.859389795
saturn,1896743.5,213.1462687,2.4285652,9.892599021
saturn,1904048.5,92.5814151,-1.0268165,8.954262964
saturn,1911353.5,329.4029350,-1.2957851,9.752534989
saturn,1918658.5,225.1715109,2.3263673,9.981070861
saturn,1925963.5,107.1016471,-0.4331800,8.988086817
saturn,1933268.5,341.9385104,-1.7206055,9.634712532
saturn,1940573.5,236.9546225,2.1243910,10.048336289
saturn,1947878.5,121.4054560,0.1807743,9.051554631
saturn,1955183.5,354.7706112,-2.0690038,9.512072475
saturn,1962488.5,248.6018610,1.8338646,10.093197479
saturn,1969793.5,135.4987979,0.7761508,9.138539300
saturn,1977098.5,7.9999112,-2.3176333,9.388617141
saturn,1984403.5,260.1986079,1.4667143,10.112674670
saturn,1991708.5,149.3543156,1.3160838,9.244141232
saturn,1999013.5,21.6304140,-2.4425976,9.271160043
saturn,2006318.5,271.8421763,1.0356195,10.107007379
saturn,2013623.5,162.9958918,1.7719591,9.365026816
saturn,2020928.5,35.7128629,-2.4242794,9.166638454
saturn,2028233.5,283.6259263,0.5539518,10.076273333
saturn,2035538.5,176.4239031,2.1217895,9.492354165
saturn,2042843.5,50.2491108,-2.2492209,9.079983708
saturn,2050148.5,295.6110714,0.0387556,10.019907898
saturn,2057453.5,189.6387195,2.3505554,9.620785922
saturn,2064758.5,65.1371085,-1.9174900,9.019403594
saturn,2072063.5,307.8530855,-0.4897219,9.940850754
saturn,2079368.5,202.6604994,2.4517451,9.745380178
saturn,2086673.5,80.3037510,-1.4439831,8.989454805
saturn,2093978.5,320.4074008,-1.0083727,9.841869024
saturn,2101283.5,215.4701232,2.4254772,9.857699011
saturn,2108588.5,95.5940454,-0.8618451,8.991739062
saturn,2115893.5,333.2717743,-1.4888425,9.726505268
saturn,2123198.5,228.0720180,2.2788771,9.953387283
saturn,2130503.5,110.8168650,-0.2192832,9.028348310
saturn,2137808.5,346.4410234,-1.9017213,9.601882433
saturn,2145113.5,240.4754394,2.0244184,10.029103810
saturn,2152418.5,125.8395299,0.4316871,9.094882760
saturn,2159723.5,359.9249525,-2.2185701,9.473715187
saturn,2167028.5,252.6778143,1.6787816,10.079914513
saturn,2174333.5,140.5067634,1.0395605,9.185172323
saturn,2181638.5,13.6492849,-2.4129248,9.348991052
saturn,2188943.5,264.7113523,1.2611243,10.105174678
saturn,2196248.5,154.7329498,1.5641491,9.294600736
saturn,2203553.5,27.5873380,-2.4664845,9.235738274
saturn,2210858.5,276.6218721,0.7907819,10.105321724
saturn,2218163.5,168.4869282,1.9794183,9.413286478
saturn,2225468.5,41.7260333,-2.3691312,9.138267468
saturn,2232773.5,288.4581120,0.2877880,10.079533091
saturn,2240078.5,181.7648775,2.2708927,9.534649372
saturn,2247383.5,55.9752682,-2.1226328,9.063009666
saturn,2254688.5,300.2913146,-0.2282645,10.030628417
saturn,2261993.5,194.6258142,2.4353087,9.654518006
saturn,2269298.5,70.3286139,-1.7390639,9.013976200
saturn,2276603.5,312.2178777,-0.7389393,9.960941215
saturn,2283908.5,207.1267391,2.4756105,9.765185241
saturn,2291213.5,84.7600701,-1.2408878,8.991835692
saturn,2298518.5,324.3154601,-1.2238966,9.871939475
saturn,2305823.5,219.3526273,2.3986593,9.863310914
saturn,2313128.5,99.2012267,-0.6614619,8.999662933
saturn,2320433.5,336.6703679,-1.6618708,9.768413282
saturn,2327738.5,231.4000471,2.2136296,9.946706904
saturn,2335043.5,113.6523799,-0.0379412,9.036384333
saturn,2342348.5,349.3939902,-2.0305442,9.653664550
saturn,2349653.5,243.3394635,1.9310439,10.010244349
saturn,2356958.5,128.0632125,0.5871430,9.098885282
saturn,2364263.5,2.5268938,-2.3040543,9.531908625
saturn,2371568.5,255.2559788,1.5631228,10.052389902
saturn,2378873.5,142.3778089,1.1713327,9.186300565
saturn,2386178.5,16.1150678,-2.4574725,9.410539879
saturn,2393483.5,267.2172935,1.1236475,10.072252071
saturn,2400788.5,156.5627319,1.6777432,9.291929443
saturn,2408093.5,30.1987109,-2.4680565,9.294633807
saturn,2415398.5,279.2636183,0.6296774,10.066903202
saturn,2422703.5,170.5469691,2.0751064,9.409516737
saturn,2430008.5,44.6879908,-2.3209129,9.192279843
saturn,2437313.5,291.4305611,0.1014789,10.037300237
saturn,2444618.5,184.2830446,2.3434048,9.534584611
saturn,2451923.5,59.5145819,-2.0142322,9.111324221
saturn,2459228.5,303.7477560,-0.4385174,9.984951733
saturn,2466533.5,197.7192196,2.4737600,9.657518457
saturn,2473838.5,74.5694176,-1.5622324,9.055598417
saturn,2481143.5,316.2171811,-0.9644955,9.910732528
saturn,2488448.5,210.8229352,2.4675247,9.772190054
saturn,2495753.5,89.6564133,-0.9986515,9.030471530
saturn,2503058.5,328.8394534,-1.4496522,9.819565124
saturn,2510363.5,223.5934375,2.3349513,9.874596105
saturn,2517668.5,104.6565622,-0.3675319,9.036903967
saturn,2524973.5,341.6422257,-1.8686092,9.715717619
saturn,2532278.5,236.0354829,2.0915965,9.958092360
saturn,2539583.5,119.4444127,0.2809295,9.071478484
saturn,2546888.5,354.6176994,-2.1963049,9.603117936
saturn,2554193.5,248.1969504,1.7559277,10.020289486
saturn,2561498.5,133.9045184,0.8977998,9.132583771
saturn,2568803.5,7.7764716,-2.4116805,9.488983910
saturn,2576108.5,260.1395557,1.3469547,10.060799268
saturn,2583413.5,148.0181136,1.4449893,9.214169214
saturn,2590718.5,21.1749061,-2.4979700,9.377696980
saturn,2598023.5,271.9304861,0.8835344,10.076794136
saturn,2605328.5,161.7617672,1.8929361,9.309466412
saturn,2612633.5,34.7897659,-2.4433746,9.274564436
saturn,2619938.5,283.6589324,0.3840753,10.069040833
saturn,2627243.5,175.1525088,2.2232844,9.415383345
saturn,2634548.5,48.6476080,-2.2437749,9.186305414
saturn,2641853.5,295.4184637,-0.1339017,10.039065696
saturn,2649158.5,188.2374093,2.4272557,9.524258627
saturn,2656463.5,62.7840530,-1.9024080,9.115615067
saturn,2663768.5,307.2940422,-0.6516093,9.986225485
saturn,2671073.5,201.0612348,2.5020960,9.631024891
saturn,2678378.5,77.1381030,-1.4350502,9.067962668
saturn,2685683.5,319.3695925,-1.1488104,9.913549807
saturn,2692988.5,213.6869398,2.4510445,9.733098008
saturn,2700293.5,91.7051511,-0.8667492,9.047216324
saturn,2707598.5,331.7392772,-1.6041141,9.823643722
saturn,2714903.5,226.1613006,2.2812242,9.823842552
saturn,2722208.5,106.4399826,-0.2334912,9.053215037
saturn,2729513.5,344.4560454,-1.9925177,9.718451720
saturn,2736818.5,238.5357427,2.0033808,9.899857171
saturn,2744123.5,121.2269123,0.4183162,9.088099710
saturn,2751428.5,357.5547421,-2.2878941,9.604243419
saturn,2758733.5,250.8500474,1.6317877,9.959411538
saturn,2766038.5,135.9974806,1.0417283,9.149792818
saturn,2773343.5,11.0767453,-2.4649775,9.485918971
saturn,2780648.5,263.1226205,1.1841108,9.997789014
saturn,2787953.5,150.6321431,1.5905443,9.232702404
saturn,2795258.5,24.9673914,-2.5014072,9.369197724
saturn,2802563.5,275.3765361,0.6813219,10.013805134
saturn,2809868.5,165.0101953,2.0275218,9.333575583
uranus,625673.5,131.4929053,0.7503687,18.447887068
uranus,632978.5,224.5443736,0.3886544,18.696095001
uranus,640283.5,309.0572035,-0.7303351,19.900124440
uranus,647588.5,27.7672701,-0.5941631,19.831957001
uranus,654893.5,112.9914907,0.5740291,18.625119638
uranus,662198.5,206.2852306,0.6103517,18.486280193
uranus,669503.5,292.9074031,-0.5725121,19.717938795
uranus,676808.5,11.7674633,-0.7436918,19.995048641
uranus,684113.5,94.8315542,0.3439677,18.858703012
uranus,691418.5,187.5648951,0.7737484,18.345188820
uranus,698723.5,276.4217532,-0.3645596,19.474596331
uranus,706028.5,355.9563007,-0.8333997,20.098515735
uranus,713333.5,77.1300418,0.0861720,19.127535807
uranus,720638.5,168.5277587,0.8539773,18.281453368
uranus,727943.5,259.4591418,-0.1197558,19.197999089
uranus,735248.5,340.2549447,-0.8589991,20.109122188
uranus,742553.5,60.0379332,-0.1703039,19.409343040
uranus,749858.5,149.4464786,0.8397932,18.316464991
uranus,757163.5,241.9476905,0.1425859,18.923647721
uranus,764468.5,324.4852640,-0.8190476,20.034661973
uranus,771773.5,43.4014950,-0.4034535,19.664082469
uranus,779078.5,130.6203548,0.7346495,18.432871198
uranus,786383.5,223.9701434,0.3957962,18.671721922
uranus,793688.5,308.5925243,-0.7177010,19.892309862
uranus,800993.5,27.1977103,-0.5968864,19.865869627
uranus,808298.5,112.2294063,0.5574282,18.625073696
uranus,815603.5,205.6168137,0.6130815,18.468234481
uranus,822908.5,292.4701045,-0.5593579,19.701535323
uranus,830213.5,11.2537576,-0.7400423,20.013271734
uranus,837518.5,94.2237233,0.3296225,18.864314707
uranus,844823.5,186.9949702,0.7692454,18.320389120
uranus,852128.5,276.0563111,-0.3543468,19.467292955
uranus,859433.5,355.5624467,-0.8263863,20.098341755
uranus,866738.5,76.7048709,0.0776239,19.135003458
uranus,874043.5,168.1455660,0.8459620,18.259249972
uranus,881348.5,259.2212877,-0.1142271,19.197182204
uranus,888653.5,339.9752867,-0.8503184,20.120898789
uranus,895958.5,59.5956392,-0.1754799,19.420276642
uranus,903263.5,149.1362752,0.8305736,18.285842625
uranus,910568.5,241.8525651,0.1435465,18.906351437
uranus,917873.5,324.3924558,-0.8116320,20.057750945
uranus,925178.5,43.0584565,-0.4058414,19.684671247
uranus,932483.5,130.2653505,0.7254367,18.419074554
uranus,939788.5,223.8709654,0.3953718,18.639816464
uranus,947093.5,308.5939613,-0.7104315,19.911193670
uranus,954398.5,26.9424334,-0.5957100,19.903243203
uranus,961703.5,111.7208293,0.5452796,18.632811840
uranus,969008.5,205.3875187,0.6115202,18.419964081
uranus,976313.5,292.4826524,-0.5525095,19.694891964
uranus,983618.5,11.1771973,-0.7352244,20.046313456
uranus,990923.5,93.8047515,0.3180800,18.890201454
uranus,998228.5,186.6326362,0.7654610,18.293341131
uranus,1005533.5,275.9956307,-0.3473031,19.436236557
uranus,1012838.5,355.5636839,-0.8184230,20.123135440
uranus,1020143.5,76.3947304,0.0696870,19.167646351
uranus,1027448.5,167.7157949,0.8380508,18.247443696
uranus,1034753.5,259.1199298,-0.1096126,19.152457233
uranus,1042058.5,340.0286162,-0.8417927,20.122467037
uranus,1049363.5,59.5560011,-0.1759769,19.439539632
uranus,1056668.5,148.8872495,0.8208237,18.291289642
uranus,1063973.5,241.7987874,0.1437187,18.879867205
uranus,1071278.5,324.4694381,-0.8033808,20.047967293
uranus,1078583.5,43.1101684,-0.4017112,19.705894025
uranus,1085888.5,130.1286585,0.7163895,18.418812000
uranus,1093193.5,223.8984021,0.3921865,18.616254809
uranus,1100498.5,308.7897001,-0.7053513,19.896818255
uranus,1107803.5,27.0765239,-0.5906457,19.925508334
uranus,1115108.5,111.7457680,0.5403971,18.630373164
uranus,1122413.5,205.4710035,0.6071622,18.404859197
uranus,1129718.5,292.7875795,-0.5507764,19.683687002
uranus,1137023.5,11.3657491,-0.7294823,20.075474511
uranus,1144328.5,93.7682121,0.3136772,18.916472007
uranus,1151633.5,186.5529075,0.7610065,18.261705194
uranus,1158938.5,276.2679467,-0.3457298,19.413814670
uranus,1166243.5,355.8576530,-0.8114863,20.134135437
uranus,1173548.5,76.4320017,0.0660353,19.213402439
uranus,1180853.5,167.5819258,0.8316875,18.231048908
uranus,1188158.5,259.2354229,-0.1062333,19.124524765
uranus,1195463.5,340.3683670,-0.8344077,20.117406083
uranus,1202768.5,59.6407599,-0.1777238,19.491439677
uranus,1210073.5,148.6467661,0.8117253,18.309063151
uranus,1217378.5,241.6759928,0.1483650,18.829203003
uranus,1224683.5,324.7520122,-0.7959888,20.027536726
uranus,1231988.5,43.3510753,-0.3978389,19.723435158
uranus,1239293.5,130.0638650,0.7070184,18.461744893
uranus,1246598.5,223.7699679,0.3921591,18.584452699
uranus,1253903.5,308.9453855,-0.6976015,19.869955293
uranus,1261208.5,27.4170626,-0.5829006,19.921590200
uranus,1268513.5,111.7984617,0.5320275,18.675982508
uranus,1275818.5,205.3627853,0.6039545,18.397775255
uranus,1283123.5,292.8554645,-0.5434103,19.642766804
uranus,1290428.5,11.7026274,-0.7217268,20.067972594
uranus,1297733.5,94.0103282,0.3114413,18.926944739
uranus,1305038.5,186.6328294,0.7551937,18.282918578
uranus,1312343.5,276.4227471,-0.3429495,19.382599549
uranus,1319648.5,356.1385845,-0.8048978,20.136519043
uranus,1326953.5,76.7012086,0.0668637,19.223851268
uranus,1334258.5,167.5786570,0.8246271,18.252924962
uranus,1341563.5,259.3493564,-0.1036126,19.098853832
uranus,1348868.5,340.6023755,-0.8268071,20.104771680
uranus,1356173.5,59.8956241,-0.1764025,19.516298123
uranus,1363478.5,148.6266005,0.8035519,18.317774687
uranus,1370783.5,241.7026969,0.1513989,18.825193125
uranus,1378088.5,324.9606509,-0.7882764,19.998086681
uranus,1385393.5,43.5526466,-0.3968076,19.760118407
uranus,1392698.5,129.9666241,0.6967965,18.491142554
uranus,1400003.5,223.4642769,0.3972737,18.576917886
uranus,1407308.5,309.0006920,-0.6882823,19.829114490
uranus,1414613.5,27.5529738,-0.5787068,19.928987412
uranus,1421918.5,111.7574652,0.5228908,18.721927686
uranus,1429223.5,204.9751475,0.6037725,18.392762252
uranus,1436528.5,292.7223199,-0.5327498,19.616584003
uranus,1443833.5,11.8082813,-0.7144033,20.039517246
uranus,1451138.5,94.0198980,0.3031514,18.981838990
uranus,1458443.5,186.2381784,0.7495959,18.301039150
uranus,1465748.5,276.0105135,-0.3292773,19.355496102
uranus,1473053.5,356.1405058,-0.7962762,20.093428301
uranus,1480358.5,76.7345230,0.0631483,19.239146543
uranus,1487663.5,167.3901967,0.8166876,18.291651244
uranus,1494968.5,258.9614445,-0.0947540,19.080472615
uranus,1502273.5,340.4774493,-0.8188993,20.084125549
uranus,1509578.5,59.9179336,-0.1762042,19.498949408
uranus,1516883.5,148.4972979,0.7940689,18.367309419
uranus,1524188.5,241.3369067,0.1570049,18.817954412
uranus,1531493.5,324.6744506,-0.7781471,19.982016625
uranus,1538798.5,43.4874961,-0.3958506,19.744316863
uranus,1546103.5,129.7655449,0.6872077,18.513062163
uranus,1553408.5,223.1597257,0.4005027,18.591129644
uranus,1560713.5,308.6858033,-0.6774902,19.807181800
uranus,1568018.5,27.3939411,-0.5785684,19.937288732
uranus,1575323.5,111.4674126,0.5119249,18.735182870
uranus,1582628.5,204.4632008,0.6062735,18.421295993
uranus,1589933.5,292.2655247,-0.5195836,19.583581817
uranus,1597238.5,11.4874194,-0.7115214,20.040756487
uranus,1604543.5,93.6700341,0.2924211,19.000906374
uranus,1611848.5,185.5543190,0.7475436,18.322108525
uranus,1619153.5,275.4368830,-0.3149565,19.338189355
uranus,1626458.5,355.7098980,-0.7897069,20.068945796
uranus,1633763.5,76.3738971,0.0530565,19.269699578
uranus,1641068.5,166.6678824,0.8079896,18.316972823
uranus,1648373.5,258.1175139,-0.0776946,19.079680043
uranus,1655678.5,339.8944552,-0.8088358,20.035133109
uranus,1662983.5,59.4892588,-0.1835547,19.511165806
uranus,1670288.5,147.8873639,0.7830091,18.395693794
uranus,1677593.5,240.4387147,0.1702749,18.824287898
uranus,1684898.5,324.0025116,-0.7667988,19.950035819
uranus,1692203.5,42.9926247,-0.3994362,19.722135218
uranus,1699508.5,129.3003209,0.6755052,18.546332380
uranus,1706813.5,222.3423347,0.4074649,18.603833510
uranus,1714118.5,307.8702930,-0.6634843,19.799407645
uranus,1721423.5,26.7950133,-0.5798004,19.898137887
uranus,1728728.5,110.9638854,0.5002767,18.750827640
uranus,1736033.5,203.8082902,0.6086400,18.436457012
uranus,1743338.5,291.4776144,-0.5048581,19.585026261
uranus,1750643.5,10.8446395,-0.7118961,20.025167523
uranus,1757948.5,93.0567104,0.2796659,18.997576781
uranus,1765253.5,184.9178830,0.7467527,18.345244699
uranus,1772558.5,274.6269212,-0.2991446,19.333659142
uranus,1779863.5,354.9698836,-0.7867377,20.069937639
uranus,1787168.5,75.6616149,0.0395886,19.262693734
uranus,1794473.5,165.8703448,0.8028347,18.336658797
uranus,1801778.5,257.2980626,-0.0619084,19.072315011
uranus,1809083.5,339.1003040,-0.8008495,20.032844789
uranus,1816388.5,58.7528356,-0.1960550,19.516314657
uranus,1823693.5,146.9844088,0.7713070,18.412110410
uranus,1830998.5,239.4892119,0.1860137,18.828819288
uranus,1838303.5,323.0862434,-0.7537811,19.928809603
uranus,1845608.5,42.2082305,-0.4086829,19.726249217
uranus,1852913.5,128.3991456,0.6599566,18.558525478
uranus,1860218.5,221.2938650,0.4192877,18.616632695
uranus,1867523.5,306.9119660,-0.6474559,19.774609569
uranus,1874828.5,25.9658072,-0.5841919,19.889909422
uranus,1882133.5,110.1749962,0.4843775,18.759655164
uranus,1889438.5,202.8145347,0.6133291,18.454145831
uranus,1896743.5,290.4593298,-0.4870073,19.579855118
uranus,1904048.5,9.9181858,-0.7122207,19.998957343
uranus,1911353.5,92.3108099,0.2650838,18.994544297
uranus,1918658.5,184.0634550,0.7455061,18.355209194
uranus,1925963.5,273.6788238,-0.2823048,19.345602268
uranus,1933268.5,354.0453968,-0.7837867,20.053042306
uranus,1940573.5,74.8489221,0.0256600,19.254102700
uranus,1947878.5,165.1394273,0.7976645,18.335543961
uranus,1955183.5,256.4377572,-0.0464616,19.087966452
uranus,1962488.5,338.1869812,-0.7942179,20.035604495
uranus,1969793.5,57.8317612,-0.2103583,19.506366299
uranus,1977098.5,146.1898210,0.7620523,18.406058131
uranus,1984403.5,238.6664509,0.1996801,18.830932870
uranus,1991708.5,322.2364919,-0.7428043,19.942563064
uranus,1999013.5,41.2768936,-0.4205929,19.728897031
uranus,2006318.5,127.4679579,0.6451821,18.560368891
uranus,2013623.5,220.4314518,0.4304320,18.606629528
uranus,2020928.5,306.0231119,-0.6317657,19.784255678
uranus,2028233.5,25.0372523,-0.5912060,19.894863325
uranus,2035538.5,109.1586914,0.4647883,18.765691919
uranus,2042843.5,201.8458405,0.6192763,18.446866600
uranus,2050148.5,289.5283949,-0.4682813,19.573660097
uranus,2057453.5,9.0342910,-0.7128344,20.005602446
uranus,2064758.5,91.3281822,0.2452796,19.001682982
uranus,2072063.5,183.0645617,0.7446254,18.358678974
uranus,2079368.5,272.7107564,-0.2628741,19.333322993
uranus,2086673.5,353.1087170,-0.7791168,20.054561254
uranus,2093978.5,73.9403396,0.0090736,19.246121911
uranus,2101283.5,164.2000741,0.7903268,18.341626832
uranus,2108588.5,255.5298407,-0.0307660,19.084131861
uranus,2115893.5,337.2561247,-0.7854463,20.034480026
uranus,2123198.5,56.9795935,-0.2222362,19.498963774
uranus,2130503.5,145.3534317,0.7508723,18.399139288
uranus,2137808.5,237.8880268,0.2112819,18.837536631
uranus,2145113.5,321.3567969,-0.7308240,19.946282834
uranus,2152418.5,40.3689351,-0.4306184,19.731273658
uranus,2159723.5,126.6650373,0.6313675,18.533966163
uranus,2167028.5,219.7277646,0.4385023,18.611019716
uranus,2174333.5,305.3021089,-0.6187982,19.792707358
uranus,2181638.5,24.1539263,-0.5978599,19.912947332
uranus,2188943.5,108.3059701,0.4488701,18.752040758
uranus,2196248.5,201.1155426,0.6238437,18.428607231
uranus,2203553.5,288.8870646,-0.4535310,19.587033819
uranus,2210858.5,8.1925018,-0.7135696,20.023495130
uranus,2218163.5,90.3947854,0.2261487,19.009043477
uranus,2225468.5,182.2525165,0.7429218,18.325805147
uranus,2232773.5,272.0484130,-0.2468617,19.338406499
uranus,2240078.5,352.4064584,-0.7738352,20.065189094
uranus,2247383.5,73.0310722,-0.0090114,19.270983117
uranus,2254688.5,163.3287042,0.7826960,18.323041880
uranus,2261993.5,254.7914267,-0.0148384,19.066746564
uranus,2269298.5,336.5955152,-0.7756024,20.047193348
uranus,2276603.5,56.1293863,-0.2353122,19.509597361
uranus,2283908.5,144.4995229,0.7378292,18.397798070
uranus,2291213.5,237.1646717,0.2215824,18.809520665
uranus,2298518.5,320.7143389,-0.7185410,19.956981454
uranus,2305823.5,39.6894664,-0.4360477,19.729442015
uranus,2313128.5,125.9031515,0.6162383,18.541781579
uranus,2320433.5,219.1197780,0.4430127,18.591128828
uranus,2327738.5,304.6873441,-0.6048939,19.796516236
uranus,2335043.5,23.5269320,-0.5990375,19.921798067
uranus,2342348.5,107.6065268,0.4337580,18.735101209
uranus,2349653.5,200.6360897,0.6238643,18.419317940
uranus,2356958.5,288.4419459,-0.4424153,19.580759775
uranus,2364263.5,7.6508738,-0.7124427,20.051966160
uranus,2371568.5,89.7904865,0.2139687,18.991567510
uranus,2378873.5,181.7850887,0.7403219,18.313063668
uranus,2386178.5,271.7726074,-0.2382836,19.330403417
uranus,2393483.5,351.9298653,-0.7684257,20.097525731
uranus,2400788.5,72.4219409,-0.0205607,19.278765818
uranus,2408093.5,162.7721380,0.7750652,18.284973859
uranus,2415398.5,254.5703935,-0.0075362,19.061946548
uranus,2422703.5,336.2889053,-0.7671441,20.059305168
uranus,2430008.5,55.6131769,-0.2447356,19.549637411
uranus,2437313.5,143.9178631,0.7267457,18.368925733
uranus,2444618.5,236.8350136,0.2290230,18.791391027
uranus,2451923.5,320.5261127,-0.7086585,19.958951909
uranus,2459228.5,39.2142070,-0.4405607,19.770455714
uranus,2466533.5,125.3072914,0.6026458,18.536461787
uranus,2473838.5,218.6921965,0.4457581,18.549324007
uranus,2481143.5,304.5410041,-0.5953389,19.798824030
uranus,2488448.5,23.2417003,-0.5968602,19.935274427
uranus,2495753.5,107.1548178,0.4210821,18.762313748
uranus,2503058.5,200.2491941,0.6215340,18.380557577
uranus,2510363.5,288.2535466,-0.4327201,19.575870744
uranus,2517668.5,7.4906437,-0.7064503,20.057439745
uranus,2524973.5,89.3910439,0.2034961,19.012682265
uranus,2532278.5,181.4924148,0.7349077,18.287024610
uranus,2539583.5,271.6466220,-0.2322118,19.308470010
uranus,2546888.5,351.8882778,-0.7627463,20.115060952
uranus,2554193.5,72.2032507,-0.0254057,19.280528009
uranus,2561498.5,162.6007882,0.7690769,18.283794658
uranus,2568803.5,254.5818323,-0.0055856,19.029679599
uranus,2576108.5,336.3035268,-0.7608467,20.085639163
uranus,2583413.5,55.4649952,-0.2467257,19.561737344
uranus,2590718.5,143.6462517,0.7183512,18.359787827
uranus,2598023.5,236.9166594,0.2291772,18.759196268
uranus,2605328.5,320.6472568,-0.7019230,19.965047563
uranus,2612633.5,39.2196639,-0.4410125,19.807103462
uranus,2619938.5,125.0725089,0.5930978,18.528808038
uranus,2627243.5,218.7010367,0.4466638,18.529107042
uranus,2634548.5,304.7386166,-0.5892740,19.779243297
uranus,2641853.5,23.2992791,-0.5947824,19.985494360
uranus,2649158.5,106.9031357,0.4110648,18.774824369
uranus,2656463.5,200.0210572,0.6205021,18.350550406
uranus,2663768.5,288.4533944,-0.4275724,19.546458642
uranus,2671073.5,7.6431135,-0.7005732,20.078472913
uranus,2678378.5,89.3341674,0.1964636,19.051936888
uranus,2685683.5,181.2452072,0.7293969,18.265482659
uranus,2692988.5,271.7301856,-0.2266263,19.283565891
uranus,2700293.5,352.1072874,-0.7550739,20.105013296
uranus,2707598.5,72.2249740,-0.0296897,19.331836161
uranus,2714903.5,162.3615554,0.7612333,18.276227755
uranus,2722208.5,254.5312829,-0.0008766,18.996568286
uranus,2729513.5,336.5635674,-0.7542295,20.066692003
uranus,2736818.5,55.6263392,-0.2458946,19.583696747
uranus,2744123.5,143.6578842,0.7113717,18.378951179
uranus,2751428.5,236.9151592,0.2301349,18.729086548
uranus,2758733.5,320.8922693,-0.6966505,19.956514847
uranus,2766038.5,39.4445071,-0.4377350,19.812391585
uranus,2773343.5,125.0928776,0.5858505,18.560558140
uranus,2780648.5,218.7058979,0.4462988,18.498928418
uranus,2787953.5,304.9616743,-0.5835141,19.764245914
uranus,2795258.5,23.6033788,-0.5910639,19.991260517
uranus,2802563.5,106.9946935,0.4047410,18.797872690
uranus,2809868.5,200.1056978,0.6189596,18.343167862
neptune,625673.5,183.4646523,1.3738015,30.246959563
neptune,632978.5,226.5292987,1.7536100,30.310640253
neptune,640283.5,269.6139524,1.1880373,30.249231945
neptune,647588.5,312.9838308,-0.0274239,30.081918508
neptune,654893.5,356.9145477,-1.2399577,29.903033750
neptune,662198.5,41.2393073,-1.7587276,29.824040095
neptune,669503.5,85.6407808,-1.2752723,29.866200778
neptune,676808.5,129.6786020,-0.0740690,30.036394004
neptune,684113.5,173.1937392,1.1567339,30.205686063
neptune,691418.5,216.3366071,1.7500607,30.312620231
neptune,698723.5,259.3564454,1.3999571,30.274025192
neptune,706028.5,302.6654806,0.2879905,30.123193691
neptune,713333.5,346.4386498,-0.9931690,29.944493855
neptune,720638.5,30.7164580,-1.7249435,29.825925568
neptune,727943.5,75.1253796,-1.4747810,29.855058721
neptune,735248.5,119.2613267,-0.3904437,29.988786447
neptune,742553.5,162.8957466,0.9014876,30.179266325
neptune,749858.5,206.0765313,1.6914115,30.296973899
neptune,757163.5,249.1165896,1.5672022,30.296501960
neptune,764468.5,292.3059025,0.5949339,30.166748792
neptune,771773.5,335.9848896,-0.7135703,29.978499513
neptune,779078.5,20.1544683,-1.6326229,29.848618742
neptune,786383.5,64.5763821,-1.6259674,29.832295876
neptune,793688.5,108.8014883,-0.6952349,29.960205912
neptune,800993.5,152.5315117,0.6157046,30.137839123
neptune,808298.5,195.8032428,1.5782276,30.284855229
neptune,815603.5,238.8214038,1.6851388,30.310625944
neptune,822908.5,281.9628001,0.8828636,30.203647405
neptune,830213.5,325.5000162,-0.4095400,30.024568359
neptune,837518.5,9.5820152,-1.4852825,29.863776517
neptune,844823.5,53.9859620,-1.7221511,29.828345350
neptune,852128.5,98.2824751,-0.9787991,29.921290529
neptune,859433.5,142.1370323,0.3082251,30.104109657
neptune,866738.5,185.4691308,1.4139437,30.264075035
neptune,874043.5,228.5205330,1.7492295,30.318967002
neptune,881348.5,271.5860268,1.1424853,30.242595727
neptune,888653.5,315.0167199,-0.0912538,30.063990500
neptune,895958.5,358.9822560,-1.2865919,29.894937914
neptune,903263.5,43.3491426,-1.7605926,29.819171544
neptune,910568.5,87.7231839,-1.2304514,29.892345377
neptune,917873.5,131.6772466,-0.0110842,30.063811202
neptune,925178.5,175.1164850,1.2027118,30.239007153
neptune,932483.5,218.1773818,1.7569842,30.326718630
neptune,939788.5,261.2034744,1.3657342,30.270899117
neptune,947093.5,304.5208572,0.2302928,30.114078918
neptune,954398.5,348.3564415,-1.0435378,29.923543381
neptune,961703.5,32.6808791,-1.7377604,29.822505484
neptune,969008.5,77.0917508,-1.4421448,29.861847274
neptune,976313.5,121.1832343,-0.3318983,30.020151005
neptune,983618.5,164.7127546,0.9514943,30.212717174
neptune,990923.5,207.8233218,1.7076622,30.321189407
neptune,998228.5,250.8071968,1.5439509,30.305708375
neptune,1005533.5,294.0137571,0.5452085,30.155459439
neptune,1012838.5,337.7305033,-0.7641540,29.965921847
neptune,1020143.5,21.9548032,-1.6550538,29.829837758
neptune,1027448.5,66.4227385,-1.6045839,29.833587096
neptune,1034753.5,110.6142788,-0.6433940,29.978911696
neptune,1042058.5,154.2848088,0.6672857,30.169670816
neptune,1049363.5,197.4498095,1.6024899,30.319768654
neptune,1056668.5,240.4043150,1.6723885,30.324556777
neptune,1063973.5,283.5253991,0.8408064,30.206988924
neptune,1071278.5,327.0820453,-0.4578924,30.008455951
neptune,1078583.5,11.2283674,-1.5135905,29.847304204
neptune,1085888.5,55.6737245,-1.7126081,29.815851202
neptune,1093193.5,100.0061460,-0.9346497,29.925869578
neptune,1100498.5,143.8045842,0.3601337,30.132210001
neptune,1107803.5,187.0633873,1.4444148,30.292699557
neptune,1115108.5,230.0234850,1.7450613,30.351148917
neptune,1122413.5,273.0325596,1.1092387,30.247311726
neptune,1129718.5,316.4792359,-0.1370405,30.060748150
neptune,1137023.5,0.4621532,-1.3192043,29.876904506
neptune,1144328.5,44.9128803,-1.7599908,29.799005386
neptune,1151633.5,89.3155916,-1.1953785,29.887963248
neptune,1158938.5,133.2888223,0.0389194,30.069369102
neptune,1166243.5,176.6650319,1.2389863,30.272658787
neptune,1173548.5,219.6401014,1.7612387,30.350463353
neptune,1180853.5,262.6035351,1.3384477,30.296324790
neptune,1188158.5,305.8717474,0.1886653,30.112328159
neptune,1195463.5,349.7524204,-1.0788773,29.912889882
neptune,1202768.5,34.0953354,-1.7459989,29.805182734
neptune,1210073.5,78.5983761,-1.4153473,29.838254396
neptune,1217378.5,122.7112542,-0.2845136,30.023302855
neptune,1224683.5,166.2383417,0.9917311,30.217856805
neptune,1231988.5,209.2936026,1.7194926,30.355970648
neptune,1239293.5,252.1819962,1.5241820,30.324291015
neptune,1246598.5,295.3612324,0.5048538,30.170583716
neptune,1253903.5,339.0360933,-0.8015991,29.961483653
neptune,1261208.5,23.3247575,-1.6698089,29.811181356
neptune,1268513.5,67.8191826,-1.5867010,29.818706710
neptune,1275818.5,112.0975493,-0.6001235,29.952506672
neptune,1283123.5,155.7902973,0.7117850,30.178226287
neptune,1290428.5,198.9293916,1.6222151,30.324592067
neptune,1297733.5,241.8463221,1.6579391,30.355517061
neptune,1305038.5,284.8681315,0.8038760,30.220858379
neptune,1312343.5,328.4317910,-0.4991309,30.011914963
neptune,1319648.5,12.5444813,-1.5356130,29.843412995
neptune,1326953.5,57.0633565,-1.7021176,29.789364724
neptune,1334258.5,101.4353892,-0.8957022,29.913703223
neptune,1341563.5,145.3038437,0.4065710,30.104596574
neptune,1348868.5,188.5936459,1.4724469,30.303542522
neptune,1356173.5,231.5064173,1.7389919,30.356183145
neptune,1363478.5,274.4994568,1.0726514,30.269980734
neptune,1370783.5,317.8520137,-0.1809619,30.071227571
neptune,1378088.5,1.8673733,-1.3486935,29.870417657
neptune,1385393.5,46.2943660,-1.7581751,29.796943716
neptune,1392698.5,90.7695436,-1.1613232,29.855226573
neptune,1400003.5,134.7984216,0.0878565,30.059277650
neptune,1407308.5,178.2219208,1.2745189,30.246129263
neptune,1414613.5,221.2409743,1.7631647,30.359909347
neptune,1421918.5,264.1408391,1.3068538,30.301957130
neptune,1429223.5,307.4135372,0.1394774,30.124419125
neptune,1436528.5,351.2147658,-1.1166192,29.922210920
neptune,1443833.5,35.5992047,-1.7526346,29.791643794
neptune,1451138.5,80.0918779,-1.3867796,29.837320615
neptune,1458443.5,124.2674152,-0.2353916,29.987148732
neptune,1465748.5,167.8681383,1.0354316,30.208535085
neptune,1473053.5,210.9470222,1.7317401,30.332575369
neptune,1480358.5,253.8909180,1.4965309,30.329042237
neptune,1487663.5,296.9988797,0.4545194,30.177671531
neptune,1494968.5,340.6938081,-0.8489545,29.963475563
neptune,1502273.5,24.9226319,-1.6869512,29.821752725
neptune,1509578.5,69.4491472,-1.5644897,29.800837483
neptune,1516883.5,113.7364114,-0.5503795,29.951395543
neptune,1524188.5,157.4769692,0.7614921,30.142015729
neptune,1531493.5,200.7067572,1.6448314,30.313700203
neptune,1538798.5,243.6267990,1.6394152,30.336584700
neptune,1546103.5,286.7104469,0.7515623,30.219437650
neptune,1553408.5,330.2063951,-0.5541761,30.021573521
neptune,1560713.5,14.3441341,-1.5641973,29.837967310
neptune,1568018.5,58.8203143,-1.6881497,29.802608639
neptune,1575323.5,103.2039415,-0.8477305,29.893993641
neptune,1582628.5,147.1060175,0.4630134,30.101592245
neptune,1589933.5,190.4287246,1.5054763,30.269836194
neptune,1597238.5,233.4433966,1.7291954,30.341284564
neptune,1604543.5,276.4269527,1.0244844,30.256642422
neptune,1611848.5,319.8405782,-0.2438080,30.064659523
neptune,1619153.5,3.7998950,-1.3891976,29.883206737
neptune,1626458.5,48.2418690,-1.7542910,29.788312680
neptune,1633763.5,92.6866765,-1.1159404,29.870596776
neptune,1641068.5,136.7088749,0.1482673,30.039676693
neptune,1648373.5,180.1911932,1.3181577,30.238566702
neptune,1655678.5,223.2321367,1.7650297,30.329988213
neptune,1662983.5,266.2366504,1.2628759,30.282554820
neptune,1670288.5,309.4973445,0.0737091,30.117755855
neptune,1677593.5,353.3488171,-1.1691096,29.913310638
neptune,1684898.5,37.6892447,-1.7607417,29.807422838
neptune,1692203.5,82.1741905,-1.3471232,29.830229843
neptune,1699508.5,126.3321037,-0.1710137,30.001836565
neptune,1706813.5,169.9180456,1.0882102,30.189751655
neptune,1714118.5,213.0752498,1.7449991,30.318090061
neptune,1721423.5,256.0369769,1.4615704,30.303898882
neptune,1728728.5,299.2435236,0.3867896,30.155930317
neptune,1736033.5,342.9298340,-0.9109490,29.964013390
neptune,1743338.5,27.1853700,-1.7083595,29.813991160
neptune,1750643.5,71.6764060,-1.5326895,29.819099954
neptune,1757948.5,115.9306915,-0.4855363,29.948534703
neptune,1765253.5,159.6713673,0.8234988,30.151488229
neptune,1772558.5,202.8884184,1.6701708,30.295389223
neptune,1779863.5,245.8972608,1.6136220,30.315073901
neptune,1787168.5,289.0027233,0.6869151,30.200281100
neptune,1794473.5,332.5806641,-0.6244732,30.001281100
neptune,1801778.5,16.7112555,-1.5986863,29.845330451
neptune,1809083.5,61.1815027,-1.6673222,29.799336317
neptune,1816388.5,105.5367513,-0.7841521,29.913406755
neptune,1823693.5,149.3894669,0.5317309,30.102284708
neptune,1830998.5,192.7320954,1.5428954,30.270170611
neptune,1838303.5,235.7452467,1.7150828,30.323313612
neptune,1845608.5,278.8183475,0.9641832,30.230919257
neptune,1852913.5,322.2617752,-0.3184380,30.052392531
neptune,1860218.5,6.2732583,-1.4367170,29.868775905
neptune,1867523.5,50.7033894,-1.7457669,29.801270834
neptune,1874828.5,95.1115511,-1.0576853,29.873772219
neptune,1882133.5,139.1123581,0.2223907,30.057005504
neptune,1889438.5,182.5454096,1.3668328,30.239629515
neptune,1896743.5,225.6223629,1.7631623,30.319987393
neptune,1904048.5,268.6450314,1.2103091,30.265462118
neptune,1911353.5,311.9850255,-0.0032920,30.092667459
neptune,1918658.5,355.8692604,-1.2273429,29.908482240
neptune,1925963.5,40.2215421,-1.7664237,29.802833133
neptune,1933268.5,84.6859322,-1.2965295,29.846308021
neptune,1940573.5,128.7897821,-0.0949414,30.010926215
neptune,1947878.5,172.3604876,1.1473824,30.200613856
neptune,1955183.5,215.4865095,1.7559559,30.316443988
neptune,1962488.5,258.4936541,1.4185761,30.285893125
neptune,1969793.5,301.7403833,0.3109228,30.140720347
neptune,1977098.5,345.4829031,-0.9785988,29.945432950
neptune,1984403.5,29.7618469,-1.7277646,29.816904043
neptune,1991708.5,74.2243084,-1.4929882,29.825852100
neptune,1999013.5,118.4505904,-0.4104308,29.963851094
neptune,2006318.5,162.1371886,0.8911063,30.163518840
neptune,2013623.5,205.3452913,1.6943865,30.296797452
neptune,2020928.5,248.3540217,1.5815842,30.309055753
neptune,2028233.5,291.5064117,0.6150578,30.179186234
neptune,2035538.5,335.1383684,-0.6983558,29.989747526
neptune,2042843.5,19.2904517,-1.6322857,29.838747903
neptune,2050148.5,63.7627766,-1.6399596,29.809078968
neptune,2057453.5,108.0617337,-0.7132229,29.929210208
neptune,2064758.5,151.8834276,0.6051361,30.112997079
neptune,2072063.5,195.1877771,1.5793764,30.280934529
neptune,2079368.5,238.1999696,1.6962504,30.315396673
neptune,2086673.5,281.3073902,0.8983933,30.220372444
neptune,2093978.5,324.7895874,-0.3959093,30.034657006
neptune,2101283.5,8.8521245,-1.4823167,29.863371625
neptune,2108588.5,53.2638180,-1.7327743,29.809636824
neptune,2115893.5,97.6476748,-0.9940880,29.887153765
neptune,2123198.5,141.5856124,0.2991660,30.076848208
neptune,2130503.5,184.9883375,1.4144466,30.243843777
neptune,2137808.5,228.0556651,1.7570576,30.325193827
neptune,2145113.5,271.0854538,1.1543954,30.251256494
neptune,2152418.5,314.4872709,-0.0815008,30.079330486
neptune,2159723.5,358.3913151,-1.2838164,29.901018659
neptune,2167028.5,42.7723977,-1.7675841,29.805276052
neptune,2174333.5,87.1836622,-1.2426270,29.868373939
neptune,2181638.5,131.2398703,-0.0187356,30.023490844
neptune,2188943.5,174.7639054,1.2042447,30.219129978
neptune,2196248.5,217.8615619,1.7638895,30.314031863
neptune,2203553.5,260.8956773,1.3726936,30.282377326
neptune,2210858.5,304.1542957,0.2361194,30.125528294
neptune,2218163.5,347.9699375,-1.0427854,29.932956781
neptune,2225468.5,32.2409001,-1.7436679,29.824757563
neptune,2232773.5,76.6949404,-1.4511126,29.835564563
neptune,2240078.5,120.8496707,-0.3365750,29.994535490
neptune,2247383.5,164.4740941,0.9541094,30.171800061
neptune,2254688.5,207.6683020,1.7144188,30.309588377
neptune,2261993.5,250.6515258,1.5494499,30.301029232
neptune,2269298.5,293.8661484,0.5451565,30.166629383
neptune,2276603.5,337.5099796,-0.7672234,29.980239730
neptune,2283908.5,21.7237987,-1.6608963,29.831324167
neptune,2291213.5,66.1573694,-1.6114309,29.833070809
neptune,2298518.5,110.4059536,-0.6460013,29.943758565
neptune,2305823.5,154.1598771,0.6727730,30.145340429
neptune,2313128.5,197.3983175,1.6108125,30.283652385
neptune,2320433.5,240.4339325,1.6759469,30.318988474
neptune,2327738.5,283.5223407,0.8383244,30.208984557
neptune,2335043.5,327.0905724,-0.4664000,30.016089211
neptune,2342348.5,11.1594635,-1.5223666,29.865200708
neptune,2349653.5,55.5983786,-1.7182090,29.810054590
neptune,2356958.5,99.9190876,-0.9344637,29.923782901
neptune,2364263.5,143.7715681,0.3669499,30.093433344
neptune,2371568.5,187.1296178,1.4551369,30.270936705
neptune,2378873.5,230.1362693,1.7507548,30.323099110
neptune,2386178.5,273.2210026,1.1033759,30.243737440
neptune,2393483.5,316.6163830,-0.1490597,30.068478125
neptune,2400788.5,0.6113274,-1.3319022,29.881358894
neptune,2408093.5,44.9866744,-1.7669386,29.820932098
neptune,2415398.5,89.3763044,-1.1940921,29.877405518
neptune,2422703.5,133.3596702,0.0486148,30.066775686
neptune,2430008.5,176.7767932,1.2514391,30.235346871
neptune,2437313.5,219.8629411,1.7686131,30.330364386
neptune,2444618.5,262.8469171,1.3347601,30.277420101
neptune,2451923.5,306.1832327,0.1728902,30.107418813
neptune,2459228.5,350.0086475,-1.0957129,29.926704641
neptune,2466533.5,34.3529915,-1.7553532,29.808567470
neptune,2473838.5,78.7855663,-1.4137949,29.864002418
neptune,2481143.5,122.8698686,-0.2745100,30.011483608
neptune,2488448.5,166.4281174,1.0066641,30.214794503
neptune,2495753.5,209.5082836,1.7301116,30.323457835
neptune,2503058.5,252.5132233,1.5217652,30.304125970
neptune,2510363.5,295.6928353,0.4905985,30.161035990
neptune,2517668.5,339.4272801,-0.8218031,29.954458311
neptune,2524973.5,23.6646721,-1.6830815,29.831989620
neptune,2532278.5,68.1351820,-1.5869086,29.823625749
neptune,2539583.5,112.3504261,-0.5890168,29.981335130
neptune,2546888.5,155.9966241,0.7267231,30.168541746
neptune,2554193.5,199.1852532,1.6349952,30.319583988
neptune,2561498.5,242.1132515,1.6606420,30.329527639
neptune,2568803.5,285.2488648,0.7911032,30.199974667
neptune,2576108.5,328.8033317,-0.5190379,30.010924777
neptune,2583413.5,12.9628521,-1.5520131,29.835685895
neptune,2590718.5,57.4333613,-1.7053867,29.817590600
neptune,2598023.5,101.7473728,-0.8865901,29.923183200
neptune,2605328.5,145.5630617,0.4224152,30.134795034
neptune,2612633.5,188.7913830,1.4861692,30.297920460
neptune,2619938.5,231.7657384,1.7443957,30.347303104
neptune,2627243.5,274.7631475,1.0663195,30.251339547
neptune,2634548.5,318.2189694,-0.1990295,30.050255924
neptune,2641853.5,2.2267563,-1.3663523,29.875919571
neptune,2649158.5,46.6787226,-1.7650328,29.791710606
neptune,2656463.5,91.1038321,-1.1544515,29.890199517
neptune,2663768.5,135.0425122,0.1013452,30.075510878
neptune,2671073.5,178.4244583,1.2886477,30.274559319
neptune,2678378.5,221.3742970,1.7716652,30.358344386
neptune,2685683.5,264.3411962,1.3047693,30.288535719
neptune,2692988.5,307.6216158,0.1278532,30.112846233
neptune,2700293.5,351.5082248,-1.1330831,29.901865236
neptune,2707598.5,35.8928502,-1.7623655,29.801675005
neptune,2714903.5,80.3799025,-1.3843811,29.838780559
neptune,2722208.5,124.5019136,-0.2237895,30.026871831
neptune,2729513.5,167.9893690,1.0476119,30.231365314
neptune,2736818.5,211.0353423,1.7409706,30.355859052
neptune,2744123.5,253.9134390,1.5000916,30.330612188
neptune,2751428.5,297.0891574,0.4486736,30.160468125
neptune,2758733.5,340.8019171,-0.8606160,29.957235221
neptune,2766038.5,25.0932115,-1.6976597,29.802803152
neptune,2773343.5,69.6278811,-1.5662050,29.814579393
neptune,2780648.5,113.8760318,-0.5436944,29.962512357
neptune,2787953.5,157.5595154,0.7718878,30.183171391
neptune,2795258.5,200.6642609,1.6535626,30.341217843
neptune,2802563.5,243.5567923,1.6452838,30.353024722
neptune,2809868.5,286.5907305,0.7531762,30.222515175
